id,label
0,Apricot
1,Grape Blue
2,Mango
3,Grape Blue
4,Mango
5,Watermelon
6,Apricot
7,Mango
8,Grape Blue
9,Potato Red
10,Raspberry
11,Papaya
12,Tomato
13,Avocado
14,Onion White
15,Avocado
16,Cherry
17,Papaya
18,Corn
19,Raspberry
20,Corn
21,Tomato
22,Limes
23,Cactus fruit
24,Cherry
25,Cherry
26,Avocado
27,Tomato
28,Limes
29,Avocado
30,Corn
31,Papaya
32,Grape Blue
33,Orange
34,Cherry
35,Peach
36,Peach
37,Grape Blue
38,Onion White
39,Cherry
40,Grape Blue
41,Grape Blue
42,Potato Red
43,Passion Fruit
44,Pomegranate
45,Pomegranate
46,Peach
47,Passion Fruit
48,Cantaloupe
49,Cucumber Ripe
50,Blueberry
51,Cherry
52,Cantaloupe
53,Potato Red
54,Clementine
55,Apple Braeburn
56,Pepper Red
57,Apple Braeburn
58,Cantaloupe
59,Clementine
60,Pineapple
61,Passion Fruit
62,Clementine
63,Passion Fruit
64,Pepper Red
65,Cantaloupe
66,Apple Braeburn
67,Apple Granny Smith
68,Potato Red
69,Plum
70,Passion Fruit
71,Peach
72,Pineapple
73,Passion Fruit
74,Cherry
75,Clementine
76,Passion Fruit
77,Plum
78,Passion Fruit
79,Peach
80,Clementine
81,Potato Red
82,Apple Granny Smith
83,Pepper Red
84,Apple Braeburn
85,Grape Blue
86,Tomato
87,Kiwi
88,Apricot
89,Mango
90,Mango
91,Onion White
92,Apricot
93,Lemon
94,Tomato
95,Grape Blue
96,Strawberry
97,Watermelon
98,Tomato
99,Pepper Green
100,Watermelon
101,Lemon
102,Pepper Green
103,Papaya
104,Apricot
105,Lemon
106,Kiwi
107,Strawberry
108,Pear
109,Apricot
110,Apricot
111,Grape Blue
112,Onion White
113,Strawberry
114,Tomato
115,Pineapple
116,Pepper Green
117,Strawberry
118,Onion White
119,Onion White
120,Pineapple
121,Pepper Green
122,Strawberry
123,Tomato
124,Onion White
125,Plum
126,Limes
127,Cactus fruit
128,Orange
129,Onion White
130,Cucumber Ripe
131,Grape Blue
132,Cantaloupe
133,Cantaloupe
134,Cactus fruit
135,Banana
136,Cucumber Ripe
137,Grape Blue
138,Apple Granny Smith
139,Onion White
140,Pepper Green
141,Tomato
142,Corn
143,Pear
144,Orange
145,Pear
146,Banana
147,Onion White
148,Cantaloupe
149,Cherry
150,Onion White
151,Apple Granny Smith
152,Limes
153,Lemon
154,Pepper Red
155,Pepper Red
156,Cactus fruit
157,Strawberry
158,Cucumber Ripe
159,Cucumber Ripe
160,Pepper Red
161,Pepper Red
162,Strawberry
163,Pomegranate
164,Pineapple
165,Apple Granny Smith
166,Raspberry
167,Limes
168,Corn
169,Lemon
170,Pear
171,Banana
172,Strawberry
173,Pepper Red
174,Peach
175,Banana
176,Banana
177,Raspberry
178,Onion White
179,Pomegranate
180,Lemon
181,Banana
182,Banana
183,Cucumber Ripe
184,Pepper Red
185,Lemon
186,Pomegranate
187,Corn
188,Raspberry
189,Lemon
190,Corn
191,Banana
192,Pear
193,Banana
194,Strawberry
195,Pepper Red
196,Pepper Red
197,Cucumber Ripe
198,Limes
199,Raspberry
200,Apple Granny Smith
201,Pineapple
202,Pomegranate
203,Lemon
204,Limes
205,Apple Granny Smith
206,Cucumber Ripe
207,Strawberry
208,Cactus fruit
209,Pepper Red
210,Pepper Red
211,Cantaloupe
212,Onion White
213,Banana
214,Corn
215,Plum
216,Corn
217,Tomato
218,Pepper Green
219,Onion White
220,Orange
221,Banana
222,Grape Blue
223,Cucumber Ripe
224,Cactus fruit
225,Banana
226,Cantaloupe
227,Onion White
228,Limes
229,Limes
230,Plum
231,Cantaloupe
232,Grape Blue
233,Cucumber Ripe
234,Onion White
235,Orange
236,Cactus fruit
237,Pepper Green
238,Pineapple
239,Onion White
240,Onion White
241,Tomato
242,Strawberry
243,Tomato
244,Banana
245,Onion White
246,Grape Blue
247,Onion White
248,Strawberry
249,Pepper Green
250,Pineapple
251,Apricot
252,Apricot
253,Pear
254,Lemon
255,Apricot
256,Papaya
257,Pepper Green
258,Watermelon
259,Strawberry
260,Kiwi
261,Tomato
262,Watermelon
263,Strawberry
264,Lemon
265,Watermelon
266,Pepper Green
267,Lemon
268,Apricot
269,Onion White
270,Grape Blue
271,Tomato
272,Kiwi
273,Tomato
274,Grape Blue
275,Mango
276,Mango
277,Apricot
278,Peach
279,Passion Fruit
280,Plum
281,Passion Fruit
282,Clementine
283,Pepper Red
284,Apple Granny Smith
285,Potato Red
286,Clementine
287,Potato Red
288,Apple Granny Smith
289,Clementine
290,Cherry
291,Passion Fruit
292,Pineapple
293,Peach
294,Passion Fruit
295,Plum
296,Passion Fruit
297,Clementine
298,Passion Fruit
299,Apple Braeburn
300,Cantaloupe
301,Pepper Red
302,Cantaloupe
303,Apple Braeburn
304,Pepper Red
305,Apple Braeburn
306,Clementine
307,Pineapple
308,Clementine
309,Passion Fruit
310,Peach
311,Pomegranate
312,Potato Red
313,Cantaloupe
314,Cherry
315,Blueberry
316,Cucumber Ripe
317,Cantaloupe
318,Potato Red
319,Blueberry
320,Pomegranate
321,Passion Fruit
322,Peach
323,Grape Blue
324,Cherry
325,Onion White
326,Blueberry
327,Cherry
328,Orange
329,Grape Blue
330,Peach
331,Avocado
332,Limes
333,Tomato
334,Avocado
335,Cherry
336,Papaya
337,Onion White
338,Onion White
339,Cherry
340,Cactus fruit
341,Limes
342,Tomato
343,Cherry
344,Avocado
345,Onion White
346,Raspberry
347,Onion White
348,Papaya
349,Papaya
350,Raspberry
351,Avocado
352,Tomato
353,Grape Blue
354,Pineapple
355,Mango
356,Watermelon
357,Mango
358,Grape Blue
359,Apricot
360,Mango
361,Grape Blue
362,Apricot
363,Grape Blue
364,Mango
365,Watermelon
366,Apricot
367,Grape Blue
368,Mango
369,Blueberry
370,Potato Red
371,Papaya
372,Watermelon
373,Papaya
374,Raspberry
375,Avocado
376,Avocado
377,Mango
378,Raspberry
379,Papaya
380,Corn
381,Cherry
382,Avocado
383,Limes
384,Tomato
385,Cactus fruit
386,Tomato
387,Cherry
388,Cactus fruit
389,Mango
390,Onion White
391,Cherry
392,Grape Blue
393,Peach
394,Peach
395,Grape Blue
396,Orange
397,Cherry
398,Cucumber Ripe
399,Pepper Red
400,Blueberry
401,Cantaloupe
402,Potato Red
403,Pomegranate
404,Passion Fruit
405,Clementine
406,Passion Fruit
407,Pomegranate
408,Grape Blue
409,Potato Red
410,Pepper Red
411,Cantaloupe
412,Apple Braeburn
413,Blueberry
414,Plum
415,Clementine
416,Clementine
417,Clementine
418,Potato Red
419,Apple Braeburn
420,Pepper Red
421,Cantaloupe
422,Potato Red
423,Apple Granny Smith
424,Cantaloupe
425,Apple Braeburn
426,Passion Fruit
427,Cherry
428,Peach
429,Passion Fruit
430,Plum
431,Peach
432,Passion Fruit
433,Passion Fruit
434,Cherry
435,Apple Granny Smith
436,Potato Red
437,Grape Blue
438,Limes
439,Onion White
440,Apricot
441,Pepper Green
442,Papaya
443,Apricot
444,Onion White
445,Mango
446,Mango
447,Grape Blue
448,Tomato
449,Kiwi
450,Strawberry
451,Watermelon
452,Pepper Green
453,Papaya
454,Lemon
455,Mango
456,Onion White
457,Watermelon
458,Pepper Green
459,Lemon
460,Banana
461,Watermelon
462,Grape Blue
463,Onion White
464,Strawberry
465,Tomato
466,Apricot
467,Lemon
468,Apricot
469,Strawberry
470,Tomato
471,Onion White
472,Onion White
473,Pineapple
474,Pepper Green
475,Pineapple
476,Strawberry
477,Pepper Green
478,Onion White
479,Onion White
480,Strawberry
481,Tomato
482,Limes
483,Cantaloupe
484,Cactus fruit
485,Cucumber Ripe
486,Grape Blue
487,Banana
488,Cucumber Ripe
489,Grape Blue
490,Cantaloupe
491,Plum
492,Apple Granny Smith
493,Onion White
494,Limes
495,Banana
496,Kiwi
497,Lemon
498,Pepper Red
499,Banana
500,Orange
501,Pear
502,Pepper Green
503,Tomato
504,Corn
505,Pineapple
506,Apple Granny Smith
507,Limes
508,Cucumber Ripe
509,Pepper Red
510,Pepper Red
511,Strawberry
512,Pepper Red
513,Banana
514,Pepper Red
515,Cactus fruit
516,Cucumber Ripe
517,Apple Granny Smith
518,Limes
519,Pear
520,Pomegranate
521,Lemon
522,Orange
523,Pear
524,Pear
525,Banana
526,Banana
527,Cactus fruit
528,Pear
529,Lemon
530,Cactus fruit
531,Banana
532,Banana
533,Lemon
534,Corn
535,Lemon
536,Pomegranate
537,Onion White
538,Banana
539,Banana
540,Orange
541,Cucumber Ripe
542,Strawberry
543,Pepper Red
544,Cactus fruit
545,Pepper Red
546,Limes
547,Apple Granny Smith
548,Limes
549,Apple Granny Smith
550,Pineapple
551,Strawberry
552,Pepper Red
553,Pepper Red
554,Cucumber Ripe
555,Pear
556,Orange
557,Banana
558,Corn
559,Tomato
560,Pepper Green
561,Limes
562,Onion White
563,Pepper Red
564,Lemon
565,Onion White
566,Banana
567,Cantaloupe
568,Grape Blue
569,Cucumber Ripe
570,Cactus fruit
571,Apple Granny Smith
572,Plum
573,Limes
574,Grape Blue
575,Cucumber Ripe
576,Cactus fruit
577,Cantaloupe
578,Kiwi
579,Pepper Green
580,Strawberry
581,Pineapple
582,Tomato
583,Strawberry
584,Onion White
585,Onion White
586,Tomato
587,Strawberry
588,Pepper Green
589,Pineapple
590,Onion White
591,Apricot
592,Tomato
593,Strawberry
594,Onion White
595,Lemon
596,Apricot
597,Lemon
598,Pepper Green
599,Watermelon
600,Onion White
601,Grape Blue
602,Watermelon
603,Strawberry
604,Watermelon
605,Strawberry
606,Kiwi
607,Mango
608,Lemon
609,Papaya
610,Pepper Green
611,Mango
612,Mango
613,Onion White
614,Apricot
615,Papaya
616,Pepper Green
617,Tomato
618,Grape Blue
619,Grape Blue
620,Apricot
621,Onion White
622,Limes
623,Cherry
624,Passion Fruit
625,Passion Fruit
626,Peach
627,Plum
628,Pineapple
629,Apple Granny Smith
630,Apple Braeburn
631,Cantaloupe
632,Apple Granny Smith
633,Potato Red
634,Passion Fruit
635,Peach
636,Plum
637,Passion Fruit
638,Clementine
639,Cantaloupe
640,Pepper Red
641,Apple Braeburn
642,Potato Red
643,Clementine
644,Blueberry
645,Apple Braeburn
646,Cantaloupe
647,Pepper Red
648,Clementine
649,Cherry
650,Pomegranate
651,Passion Fruit
652,Clementine
653,Potato Red
654,Blueberry
655,Potato Red
656,Cantaloupe
657,Blueberry
658,Pepper Red
659,Peach
660,Passion Fruit
661,Pomegranate
662,Peach
663,Cherry
664,Orange
665,Grape Blue
666,Grape Blue
667,Cherry
668,Peach
669,Mango
670,Cactus fruit
671,Cherry
672,Tomato
673,Limes
674,Corn
675,Corn
676,Tomato
677,Limes
678,Avocado
679,Cherry
680,Avocado
681,Papaya
682,Raspberry
683,Raspberry
684,Papaya
685,Mango
686,Avocado
687,Papaya
688,Potato Red
689,Watermelon
690,Mango
691,Grape Blue
692,Apricot
693,Grape Blue
694,Watermelon
695,Mango
696,Grape Blue
697,Potato Red
698,Apricot
699,Papaya
700,Watermelon
701,Mango
702,Grape Blue
703,Watermelon
704,Apricot
705,Mango
706,Grape Blue
707,Cherry
708,Avocado
709,Mango
710,Apple Granny Smith
711,Tomato
712,Pear
713,Corn
714,Limes
715,Tomato
716,Cherry
717,Cactus fruit
718,Avocado
719,Papaya
720,Raspberry
721,Raspberry
722,Papaya
723,Avocado
724,Avocado
725,Pomegranate
726,Clementine
727,Passion Fruit
728,Cucumber Ripe
729,Blueberry
730,Potato Red
731,Cantaloupe
732,Blueberry
733,Potato Red
734,Pepper Red
735,Passion Fruit
736,Pomegranate
737,Peach
738,Cherry
739,Grape Blue
740,Grape Blue
741,Orange
742,Cherry
743,Peach
744,Passion Fruit
745,Cherry
746,Peach
747,Passion Fruit
748,Potato Red
749,Apple Granny Smith
750,Apple Braeburn
751,Apple Granny Smith
752,Cantaloupe
753,Potato Red
754,Plum
755,Peach
756,Passion Fruit
757,Passion Fruit
758,Cherry
759,Clementine
760,Pepper Red
761,Cantaloupe
762,Potato Red
763,Apple Braeburn
764,Blueberry
765,Apple Braeburn
766,Pepper Red
767,Cantaloupe
768,Clementine
769,Cherry
770,Pineapple
771,Peach
772,Onion White
773,Pepper Green
774,Lemon
775,Grape Blue
776,Kiwi
777,Watermelon
778,Strawberry
779,Watermelon
780,Banana
781,Mango
782,Watermelon
783,Pepper Green
784,Lemon
785,Kiwi
786,Papaya
787,Pepper Green
788,Onion White
789,Apricot
790,Grape Blue
791,Tomato
792,Grape Blue
793,Apricot
794,Mango
795,Mango
796,Pear
797,Pineapple
798,Pepper Green
799,Strawberry
800,Tomato
801,Onion White
802,Onion White
803,Cactus fruit
804,Tomato
805,Pineapple
806,Strawberry
807,Pepper Green
808,Onion White
809,Apricot
810,Strawberry
811,Tomato
812,Onion White
813,Lemon
814,Apricot
815,Banana
816,Grape Blue
817,Pear
818,Onion White
819,Limes
820,Pepper Green
821,Tomato
822,Pear
823,Pepper Red
824,Orange
825,Banana
826,Onion White
827,Cantaloupe
828,Cactus fruit
829,Grape Blue
830,Cucumber Ripe
831,Limes
832,Plum
833,Limes
834,Cactus fruit
835,Grape Blue
836,Cucumber Ripe
837,Cantaloupe
838,Kiwi
839,Cactus fruit
840,Banana
841,Banana
842,Raspberry
843,Pomegranate
844,Onion White
845,Lemon
846,Onion White
847,Lemon
848,Pear
849,Banana
850,Orange
851,Cucumber Ripe
852,Pepper Red
853,Pepper Red
854,Strawberry
855,Pineapple
856,Apple Granny Smith
857,Apple Granny Smith
858,Apple Granny Smith
859,Clementine
860,Limes
861,Apple Braeburn
862,Cactus fruit
863,Pepper Red
864,Pepper Red
865,Strawberry
866,Cucumber Ripe
867,Apple Braeburn
868,Clementine
869,Limes
870,Apple Granny Smith
871,Cucumber Ripe
872,Strawberry
873,Pepper Red
874,Pepper Red
875,Cactus fruit
876,Strawberry
877,Pepper Red
878,Pepper Red
879,Cucumber Ripe
880,Limes
881,Apple Granny Smith
882,Pineapple
883,Lemon
884,Pear
885,Orange
886,Pear
887,Banana
888,Banana
889,Banana
890,Kiwi
891,Cactus fruit
892,Lemon
893,Corn
894,Pomegranate
895,Raspberry
896,Limes
897,Plum
898,Cantaloupe
899,Cucumber Ripe
900,Grape Blue
901,Cactus fruit
902,Cucumber Ripe
903,Grape Blue
904,Banana
905,Cantaloupe
906,Limes
907,Onion White
908,Tomato
909,Pepper Green
910,Limes
911,Onion White
912,Pear
913,Orange
914,Pepper Red
915,Onion White
916,Grape Blue
917,Banana
918,Corn
919,Onion White
920,Tomato
921,Strawberry
922,Apricot
923,Lemon
924,Apricot
925,Tomato
926,Strawberry
927,Onion White
928,Onion White
929,Pepper Green
930,Strawberry
931,Pineapple
932,Pepper Green
933,Pineapple
934,Onion White
935,Onion White
936,Tomato
937,Strawberry
938,Grape Blue
939,Tomato
940,Mango
941,Mango
942,Apricot
943,Apricot
944,Onion White
945,Pepper Green
946,Papaya
947,Kiwi
948,Grape Blue
949,Strawberry
950,Watermelon
951,Lemon
952,Pepper Green
953,Watermelon
954,Mango
955,Lemon
956,Pepper Green
957,Onion White
958,Strawberry
959,Watermelon
960,Kiwi
961,Grape Blue
962,Cantaloupe
963,Pepper Red
964,Apple Braeburn
965,Blueberry
966,Peach
967,Pineapple
968,Plum
969,Clementine
970,Clementine
971,Apple Braeburn
972,Pineapple
973,Cantaloupe
974,Pepper Red
975,Potato Red
976,Cantaloupe
977,Apple Granny Smith
978,Cherry
979,Passion Fruit
980,Passion Fruit
981,Peach
982,Plum
983,Passion Fruit
984,Peach
985,Plum
986,Passion Fruit
987,Apple Braeburn
988,Apple Granny Smith
989,Potato Red
990,Cherry
991,Orange
992,Grape Blue
993,Peach
994,Peach
995,Grape Blue
996,Cherry
997,Pepper Red
998,Potato Red
999,Blueberry
1000,Pomegranate
1001,Passion Fruit
1002,Passion Fruit
1003,Clementine
1004,Pomegranate
1005,Cantaloupe
1006,Potato Red
1007,Grape Blue
1008,Cucumber Ripe
1009,Papaya
1010,Raspberry
1011,Avocado
1012,Avocado
1013,Mango
1014,Raspberry
1015,Papaya
1016,Corn
1017,Cactus fruit
1018,Cherry
1019,Tomato
1020,Limes
1021,Tomato
1022,Apple Granny Smith
1023,Avocado
1024,Mango
1025,Cherry
1026,Corn
1027,Grape Blue
1028,Mango
1029,Apricot
1030,Watermelon
1031,Grape Blue
1032,Mango
1033,Papaya
1034,Watermelon
1035,Apricot
1036,Potato Red
1037,Grape Blue
1038,Potato Red
1039,Apricot
1040,Mango
1041,Apricot
1042,Mango
1043,Grape Blue
1044,Apricot
1045,Passion Fruit
1046,Mango
1047,Grape Blue
1048,Watermelon
1049,Avocado
1050,Tomato
1051,Limes
1052,Cactus fruit
1053,Cherry
1054,Papaya
1055,Raspberry
1056,Corn
1057,Corn
1058,Cherry
1059,Avocado
1060,Tomato
1061,Limes
1062,Avocado
1063,Corn
1064,Raspberry
1065,Papaya
1066,Papaya
1067,Raspberry
1068,Avocado
1069,Tomato
1070,Passion Fruit
1071,Peach
1072,Pomegranate
1073,Grape Blue
1074,Potato Red
1075,Cherry
1076,Cantaloupe
1077,Cucumber Ripe
1078,Blueberry
1079,Potato Red
1080,Cantaloupe
1081,Pomegranate
1082,Passion Fruit
1083,Peach
1084,Grape Blue
1085,Orange
1086,Blueberry
1087,Cherry
1088,Cherry
1089,Grape Blue
1090,Peach
1091,Plum
1092,Passion Fruit
1093,Peach
1094,Passion Fruit
1095,Cherry
1096,Pepper Red
1097,Apple Granny Smith
1098,Potato Red
1099,Clementine
1100,Potato Red
1101,Apple Granny Smith
1102,Apple Braeburn
1103,Passion Fruit
1104,Clementine
1105,Plum
1106,Pineapple
1107,Passion Fruit
1108,Peach
1109,Clementine
1110,Passion Fruit
1111,Pineapple
1112,Passion Fruit
1113,Clementine
1114,Apple Braeburn
1115,Pepper Red
1116,Cantaloupe
1117,Pepper Red
1118,Cantaloupe
1119,Apple Braeburn
1120,Apple Braeburn
1121,Clementine
1122,Pepper Green
1123,Watermelon
1124,Lemon
1125,Apricot
1126,Watermelon
1127,Strawberry
1128,Tomato
1129,Kiwi
1130,Watermelon
1131,Strawberry
1132,Pepper Green
1133,Lemon
1134,Lemon
1135,Apricot
1136,Mango
1137,Tomato
1138,Grape Blue
1139,Tomato
1140,Grape Blue
1141,Kiwi
1142,Onion White
1143,Apricot
1144,Pineapple
1145,Pepper Green
1146,Banana
1147,Onion White
1148,Onion White
1149,Strawberry
1150,Tomato
1151,Strawberry
1152,Tomato
1153,Grape Blue
1154,Blueberry
1155,Onion White
1156,Pear
1157,Pineapple
1158,Pepper Green
1159,Apricot
1160,Pineapple
1161,Apricot
1162,Pear
1163,Cantaloupe
1164,Orange
1165,Pear
1166,Kiwi
1167,Pepper Green
1168,Tomato
1169,Plum
1170,Onion White
1171,Pear
1172,Banana
1173,Onion White
1174,Cactus fruit
1175,Banana
1176,Grape Blue
1177,Cucumber Ripe
1178,Cantaloupe
1179,Plum
1180,Onion White
1181,Limes
1182,Limes
1183,Raspberry
1184,Cantaloupe
1185,Orange
1186,Cactus fruit
1187,Grape Blue
1188,Onion White
1189,Cucumber Ripe
1190,Cucumber Ripe
1191,Banana
1192,Banana
1193,Pepper Red
1194,Corn
1195,Lemon
1196,Raspberry
1197,Apple Granny Smith
1198,Pomegranate
1199,Onion White
1200,Lemon
1201,Strawberry
1202,Banana
1203,Banana
1204,Pepper Red
1205,Cactus fruit
1206,Pepper Red
1207,Strawberry
1208,Cucumber Ripe
1209,Apple Granny Smith
1210,Raspberry
1211,Limes
1212,Pomegranate
1213,Lemon
1214,Pineapple
1215,Apple Granny Smith
1216,Apple Granny Smith
1217,Cucumber Ripe
1218,Pepper Red
1219,Pepper Red
1220,Strawberry
1221,Limes
1222,Apple Granny Smith
1223,Pineapple
1224,Lemon
1225,Strawberry
1226,Pepper Red
1227,Pepper Red
1228,Cucumber Ripe
1229,Cucumber Ripe
1230,Strawberry
1231,Pepper Red
1232,Cactus fruit
1233,Pepper Red
1234,Pomegranate
1235,Limes
1236,Raspberry
1237,Apple Granny Smith
1238,Lemon
1239,Corn
1240,Pomegranate
1241,Apple Granny Smith
1242,Raspberry
1243,Banana
1244,Pear
1245,Strawberry
1246,Pepper Red
1247,Banana
1248,Banana
1249,Cucumber Ripe
1250,Lemon
1251,Corn
1252,Limes
1253,Cucumber Ripe
1254,Pear
1255,Grape Blue
1256,Cactus fruit
1257,Orange
1258,Cantaloupe
1259,Raspberry
1260,Cantaloupe
1261,Cucumber Ripe
1262,Grape Blue
1263,Cactus fruit
1264,Pear
1265,Limes
1266,Onion White
1267,Cherry
1268,Onion White
1269,Onion White
1270,Pear
1271,Onion White
1272,Pear
1273,Orange
1274,Cantaloupe
1275,Onion White
1276,Plum
1277,Tomato
1278,Pepper Green
1279,Pear
1280,Apricot
1281,Pineapple
1282,Apricot
1283,Onion White
1284,Grape Blue
1285,Grape Blue
1286,Tomato
1287,Strawberry
1288,Pepper Green
1289,Pineapple
1290,Pear
1291,Onion White
1292,Strawberry
1293,Pepper Green
1294,Pineapple
1295,Tomato
1296,Strawberry
1297,Onion White
1298,Kiwi
1299,Grape Blue
1300,Apricot
1301,Onion White
1302,Mango
1303,Apricot
1304,Lemon
1305,Tomato
1306,Grape Blue
1307,Tomato
1308,Strawberry
1309,Watermelon
1310,Kiwi
1311,Tomato
1312,Lemon
1313,Pepper Green
1314,Apricot
1315,Lemon
1316,Watermelon
1317,Pepper Green
1318,Strawberry
1319,Watermelon
1320,Apple Braeburn
1321,Apple Braeburn
1322,Cantaloupe
1323,Pepper Red
1324,Clementine
1325,Passion Fruit
1326,Pineapple
1327,Passion Fruit
1328,Clementine
1329,Cantaloupe
1330,Pepper Red
1331,Apple Braeburn
1332,Clementine
1333,Apple Braeburn
1334,Apple Granny Smith
1335,Potato Red
1336,Peach
1337,Passion Fruit
1338,Pineapple
1339,Plum
1340,Clementine
1341,Passion Fruit
1342,Cherry
1343,Passion Fruit
1344,Peach
1345,Passion Fruit
1346,Plum
1347,Clementine
1348,Potato Red
1349,Apple Granny Smith
1350,Pepper Red
1351,Grape Blue
1352,Cherry
1353,Peach
1354,Peach
1355,Cherry
1356,Blueberry
1357,Orange
1358,Grape Blue
1359,Cantaloupe
1360,Potato Red
1361,Grape Blue
1362,Cucumber Ripe
1363,Passion Fruit
1364,Pomegranate
1365,Pomegranate
1366,Peach
1367,Passion Fruit
1368,Cantaloupe
1369,Cherry
1370,Potato Red
1371,Grape Blue
1372,Raspberry
1373,Papaya
1374,Tomato
1375,Avocado
1376,Avocado
1377,Papaya
1378,Raspberry
1379,Corn
1380,Onion White
1381,Limes
1382,Tomato
1383,Avocado
1384,Cherry
1385,Cherry
1386,Cactus fruit
1387,Cactus fruit
1388,Tomato
1389,Avocado
1390,Corn
1391,Raspberry
1392,Papaya
1393,Passion Fruit
1394,Watermelon
1395,Grape Blue
1396,Mango
1397,Grape Blue
1398,Mango
1399,Apricot
1400,Apricot
1401,Apricot
1402,Potato Red
1403,Mango
1404,Grape Blue
1405,Grape Blue
1406,Mango
1407,Watermelon
1408,Raspberry
1409,Blueberry
1410,Raspberry
1411,Watermelon
1412,Grape Blue
1413,Kiwi
1414,Cherry
1415,Pepper Green
1416,Pineapple
1417,Blueberry
1418,Apricot
1419,Potato Red
1420,Apricot
1421,Blueberry
1422,Cherry
1423,Watermelon
1424,Limes
1425,Cucumber Ripe
1426,Papaya
1427,Raspberry
1428,Raspberry
1429,Cucumber Ripe
1430,Avocado
1431,Cherry
1432,Plum
1433,Avocado
1434,Limes
1435,Limes
1436,Cherry
1437,Apple Granny Smith
1438,Grape Blue
1439,Avocado
1440,Pepper Red
1441,Pomegranate
1442,Peach
1443,Orange
1444,Onion White
1445,Peach
1446,Peach
1447,Pomegranate
1448,Blueberry
1449,Pear
1450,Pear
1451,Peach
1452,Pomegranate
1453,Pineapple
1454,Clementine
1455,Pepper Red
1456,Pomegranate
1457,Cantaloupe
1458,Clementine
1459,Potato Red
1460,Apple Braeburn
1461,Clementine
1462,Apple Braeburn
1463,Apple Granny Smith
1464,Pepper Red
1465,Peach
1466,Pineapple
1467,Passion Fruit
1468,Plum
1469,Peach
1470,Potato Red
1471,Apple Braeburn
1472,Apple Granny Smith
1473,Apple Braeburn
1474,Apple Granny Smith
1475,Apple Braeburn
1476,Cantaloupe
1477,Potato Red
1478,Peach
1479,Passion Fruit
1480,Mango
1481,Pepper Green
1482,Onion White
1483,Papaya
1484,Apricot
1485,Grape Blue
1486,Tomato
1487,Grape Blue
1488,Tomato
1489,Watermelon
1490,Onion White
1491,Apricot
1492,Mango
1493,Onion White
1494,Pepper Green
1495,Papaya
1496,Pineapple
1497,Grape Blue
1498,Kiwi
1499,Watermelon
1500,Watermelon
1501,Kiwi
1502,Mango
1503,Pepper Green
1504,Papaya
1505,Pineapple
1506,Lemon
1507,Kiwi
1508,Tomato
1509,Pineapple
1510,Strawberry
1511,Tomato
1512,Tomato
1513,Onion White
1514,Strawberry
1515,Tomato
1516,Pineapple
1517,Pear
1518,Cantaloupe
1519,Cactus fruit
1520,Grape Blue
1521,Limes
1522,Apple Granny Smith
1523,Pepper Green
1524,Cherry
1525,Cherry
1526,Pomegranate
1527,Limes
1528,Apple Granny Smith
1529,Banana
1530,Grape Blue
1531,Cantaloupe
1532,Cactus fruit
1533,Banana
1534,Orange
1535,Pear
1536,Onion White
1537,Grape Blue
1538,Onion White
1539,Pepper Green
1540,Limes
1541,Pepper Green
1542,Onion White
1543,Banana
1544,Orange
1545,Onion White
1546,Cucumber Ripe
1547,Kiwi
1548,Grape Blue
1549,Orange
1550,Pepper Red
1551,Kiwi
1552,Banana
1553,Cactus fruit
1554,Orange
1555,Apple Granny Smith
1556,Apple Granny Smith
1557,Cactus fruit
1558,Kiwi
1559,Orange
1560,Strawberry
1561,Cucumber Ripe
1562,Grape Blue
1563,Pear
1564,Kiwi
1565,Cactus fruit
1566,Pear
1567,Raspberry
1568,Pomegranate
1569,Pomegranate
1570,Plum
1571,Raspberry
1572,Pear
1573,Orange
1574,Raspberry
1575,Plum
1576,Pomegranate
1577,Orange
1578,Banana
1579,Pear
1580,Kiwi
1581,Cactus fruit
1582,Pomegranate
1583,Raspberry
1584,Apple Granny Smith
1585,Pear
1586,Grape Blue
1587,Peach
1588,Orange
1589,Strawberry
1590,Cactus fruit
1591,Kiwi
1592,Banana
1593,Orange
1594,Kiwi
1595,Cactus fruit
1596,Pepper Red
1597,Orange
1598,Grape Blue
1599,Onion White
1600,Cucumber Ripe
1601,Apple Granny Smith
1602,Corn
1603,Pepper Green
1604,Limes
1605,Kiwi
1606,Orange
1607,Banana
1608,Grape Blue
1609,Onion White
1610,Onion White
1611,Orange
1612,Cactus fruit
1613,Banana
1614,Pepper Green
1615,Onion White
1616,Apple Granny Smith
1617,Limes
1618,Pomegranate
1619,Plum
1620,Cantaloupe
1621,Grape Blue
1622,Cactus fruit
1623,Grape Blue
1624,Cactus fruit
1625,Cantaloupe
1626,Plum
1627,Pepper Green
1628,Apple Granny Smith
1629,Limes
1630,Tomato
1631,Strawberry
1632,Onion White
1633,Pear
1634,Pineapple
1635,Pineapple
1636,Tomato
1637,Tomato
1638,Strawberry
1639,Tomato
1640,Kiwi
1641,Kiwi
1642,Watermelon
1643,Lemon
1644,Pineapple
1645,Papaya
1646,Pepper Green
1647,Mango
1648,Pineapple
1649,Papaya
1650,Pepper Green
1651,Onion White
1652,Watermelon
1653,Kiwi
1654,Grape Blue
1655,Watermelon
1656,Tomato
1657,Grape Blue
1658,Mango
1659,Apricot
1660,Onion White
1661,Apricot
1662,Papaya
1663,Onion White
1664,Pepper Green
1665,Mango
1666,Tomato
1667,Grape Blue
1668,Potato Red
1669,Cantaloupe
1670,Apple Braeburn
1671,Apple Granny Smith
1672,Passion Fruit
1673,Peach
1674,Peach
1675,Cherry
1676,Passion Fruit
1677,Orange
1678,Apple Granny Smith
1679,Orange
1680,Potato Red
1681,Pepper Red
1682,Apple Granny Smith
1683,Apple Braeburn
1684,Clementine
1685,Pineapple
1686,Peach
1687,Clementine
1688,Pineapple
1689,Apple Braeburn
1690,Potato Red
1691,Clementine
1692,Cantaloupe
1693,Pomegranate
1694,Pepper Red
1695,Onion White
1696,Pomegranate
1697,Peach
1698,Pomegranate
1699,Peach
1700,Pear
1701,Blueberry
1702,Onion White
1703,Peach
1704,Peach
1705,Pomegranate
1706,Pepper Red
1707,Apple Braeburn
1708,Avocado
1709,Grape Blue
1710,Apple Granny Smith
1711,Cherry
1712,Limes
1713,Limes
1714,Avocado
1715,Plum
1716,Cherry
1717,Raspberry
1718,Cucumber Ripe
1719,Avocado
1720,Cucumber Ripe
1721,Limes
1722,Raspberry
1723,Papaya
1724,Blueberry
1725,Apricot
1726,Potato Red
1727,Watermelon
1728,Cherry
1729,Cherry
1730,Kiwi
1731,Apricot
1732,Grape Blue
1733,Pepper Green
1734,Potato Red
1735,Raspberry
1736,Grape Blue
1737,Watermelon
1738,Watermelon
1739,Mango
1740,Grape Blue
1741,Blueberry
1742,Raspberry
1743,Watermelon
1744,Grape Blue
1745,Avocado
1746,Potato Red
1747,Apricot
1748,Raspberry
1749,Raspberry
1750,Grape Blue
1751,Mango
1752,Watermelon
1753,Grape Blue
1754,Cherry
1755,Potato Red
1756,Apricot
1757,Blueberry
1758,Potato Red
1759,Pepper Green
1760,Blueberry
1761,Apricot
1762,Kiwi
1763,Mango
1764,Cherry
1765,Cherry
1766,Cucumber Ripe
1767,Banana
1768,Raspberry
1769,Papaya
1770,Raspberry
1771,Cucumber Ripe
1772,Watermelon
1773,Limes
1774,Cherry
1775,Apple Granny Smith
1776,Avocado
1777,Papaya
1778,Raspberry
1779,Cherry
1780,Cherry
1781,Avocado
1782,Limes
1783,Peach
1784,Blueberry
1785,Pepper Red
1786,Peach
1787,Peach
1788,Pomegranate
1789,Cherry
1790,Pear
1791,Blueberry
1792,Onion White
1793,Peach
1794,Pomegranate
1795,Passion Fruit
1796,Passion Fruit
1797,Pineapple
1798,Clementine
1799,Apple Braeburn
1800,Pepper Red
1801,Pepper Red
1802,Cantaloupe
1803,Apple Braeburn
1804,Pomegranate
1805,Clementine
1806,Apple Braeburn
1807,Pineapple
1808,Clementine
1809,Passion Fruit
1810,Peach
1811,Passion Fruit
1812,Apple Granny Smith
1813,Pepper Red
1814,Apple Braeburn
1815,Clementine
1816,Potato Red
1817,Potato Red
1818,Apple Granny Smith
1819,Apple Braeburn
1820,Passion Fruit
1821,Clementine
1822,Plum
1823,Peach
1824,Pineapple
1825,Onion White
1826,Apricot
1827,Lemon
1828,Mango
1829,Grape Blue
1830,Tomato
1831,Grape Blue
1832,Tomato
1833,Kiwi
1834,Mango
1835,Onion White
1836,Apricot
1837,Pepper Green
1838,Papaya
1839,Pineapple
1840,Apricot
1841,Lemon
1842,Watermelon
1843,Kiwi
1844,Tomato
1845,Kiwi
1846,Watermelon
1847,Pepper Green
1848,Papaya
1849,Pineapple
1850,Pineapple
1851,Onion White
1852,Pineapple
1853,Pear
1854,Strawberry
1855,Tomato
1856,Strawberry
1857,Tomato
1858,Pineapple
1859,Onion White
1860,Banana
1861,Pear
1862,Grape Blue
1863,Cantaloupe
1864,Plum
1865,Limes
1866,Apple Granny Smith
1867,Limes
1868,Apple Granny Smith
1869,Plum
1870,Cantaloupe
1871,Cactus fruit
1872,Orange
1873,Onion White
1874,Grape Blue
1875,Banana
1876,Orange
1877,Pear
1878,Pepper Green
1879,Plum
1880,Onion White
1881,Onion White
1882,Pepper Green
1883,Banana
1884,Orange
1885,Onion White
1886,Pear
1887,Cactus fruit
1888,Kiwi
1889,Cactus fruit
1890,Strawberry
1891,Orange
1892,Cucumber Ripe
1893,Grape Blue
1894,Apple Granny Smith
1895,Raspberry
1896,Pomegranate
1897,Grape Blue
1898,Lemon
1899,Apple Granny Smith
1900,Cucumber Ripe
1901,Grape Blue
1902,Pepper Red
1903,Cactus fruit
1904,Kiwi
1905,Orange
1906,Strawberry
1907,Banana
1908,Pepper Red
1909,Pomegranate
1910,Raspberry
1911,Raspberry
1912,Apple Granny Smith
1913,Pomegranate
1914,Banana
1915,Pomegranate
1916,Apple Granny Smith
1917,Raspberry
1918,Banana
1919,Pepper Red
1920,Pear
1921,Raspberry
1922,Pomegranate
1923,Apple Granny Smith
1924,Lemon
1925,Orange
1926,Strawberry
1927,Cactus fruit
1928,Kiwi
1929,Pepper Red
1930,Grape Blue
1931,Cucumber Ripe
1932,Grape Blue
1933,Cucumber Ripe
1934,Strawberry
1935,Orange
1936,Kiwi
1937,Cactus fruit
1938,Grape Blue
1939,Pomegranate
1940,Raspberry
1941,Apple Granny Smith
1942,Pepper Green
1943,Onion White
1944,Cactus fruit
1945,Pear
1946,Pear
1947,Orange
1948,Banana
1949,Onion White
1950,Orange
1951,Pear
1952,Corn
1953,Cherry
1954,Pepper Green
1955,Plum
1956,Apple Granny Smith
1957,Limes
1958,Grape Blue
1959,Pear
1960,Orange
1961,Cactus fruit
1962,Cantaloupe
1963,Cantaloupe
1964,Grape Blue
1965,Cactus fruit
1966,Pear
1967,Apple Granny Smith
1968,Limes
1969,Plum
1970,Tomato
1971,Strawberry
1972,Onion White
1973,Pineapple
1974,Pear
1975,Pineapple
1976,Tomato
1977,Strawberry
1978,Onion White
1979,Pineapple
1980,Watermelon
1981,Kiwi
1982,Tomato
1983,Pineapple
1984,Papaya
1985,Pepper Green
1986,Lemon
1987,Apricot
1988,Pineapple
1989,Papaya
1990,Pepper Green
1991,Kiwi
1992,Watermelon
1993,Kiwi
1994,Tomato
1995,Grape Blue
1996,Apricot
1997,Onion White
1998,Mango
1999,Mango
2000,Lemon
2001,Apricot
2002,Onion White
2003,Tomato
2004,Grape Blue
2005,Apple Braeburn
2006,Apple Granny Smith
2007,Pineapple
2008,Pineapple
2009,Peach
2010,Plum
2011,Clementine
2012,Passion Fruit
2013,Passion Fruit
2014,Peach
2015,Passion Fruit
2016,Potato Red
2017,Clementine
2018,Apple Braeburn
2019,Pepper Red
2020,Apple Granny Smith
2021,Apple Braeburn
2022,Clementine
2023,Pomegranate
2024,Apple Braeburn
2025,Cantaloupe
2026,Pepper Red
2027,Clementine
2028,Pineapple
2029,Pineapple
2030,Passion Fruit
2031,Passion Fruit
2032,Pepper Red
2033,Apple Braeburn
2034,Clementine
2035,Onion White
2036,Grape Blue
2037,Pomegranate
2038,Peach
2039,Pomegranate
2040,Peach
2041,Onion White
2042,Cherry
2043,Peach
2044,Pepper Red
2045,Peach
2046,Grape Blue
2047,Limes
2048,Avocado
2049,Cherry
2050,Cherry
2051,Avocado
2052,Apple Granny Smith
2053,Cherry
2054,Limes
2055,Watermelon
2056,Raspberry
2057,Papaya
2058,Raspberry
2059,Papaya
2060,Cucumber Ripe
2061,Cucumber Ripe
2062,Cherry
2063,Raspberry
2064,Banana
2065,Apricot
2066,Blueberry
2067,Potato Red
2068,Pepper Green
2069,Cherry
2070,Mango
2071,Kiwi
2072,Cherry
2073,Grape Blue
2074,Blueberry
2075,Apricot
2076,Potato Red
2077,Raspberry
2078,Watermelon
2079,Mango
2080,Grape Blue
2081,Avocado
2082,Grape Blue
2083,Watermelon
2084,Raspberry
2085,Apricot
2086,Potato Red
2087,Potato Red
2088,Apricot
2089,Blueberry
2090,Mango
2091,Cherry
2092,Kiwi
2093,Grape Blue
2094,Cherry
2095,Pepper Green
2096,Potato Red
2097,Grape Blue
2098,Apricot
2099,Raspberry
2100,Watermelon
2101,Grape Blue
2102,Mango
2103,Avocado
2104,Grape Blue
2105,Watermelon
2106,Raspberry
2107,Potato Red
2108,Apricot
2109,Limes
2110,Apple Granny Smith
2111,Cherry
2112,Avocado
2113,Plum
2114,Cherry
2115,Avocado
2116,Watermelon
2117,Cactus fruit
2118,Raspberry
2119,Papaya
2120,Raspberry
2121,Cucumber Ripe
2122,Avocado
2123,Cherry
2124,Cucumber Ripe
2125,Papaya
2126,Corn
2127,Raspberry
2128,Pear
2129,Peach
2130,Pomegranate
2131,Peach
2132,Pomegranate
2133,Blueberry
2134,Kiwi
2135,Cherry
2136,Mango
2137,Cherry
2138,Peach
2139,Pepper Red
2140,Peach
2141,Grape Blue
2142,Apple Granny Smith
2143,Apple Braeburn
2144,Potato Red
2145,Pineapple
2146,Passion Fruit
2147,Peach
2148,Passion Fruit
2149,Clementine
2150,Passion Fruit
2151,Plum
2152,Peach
2153,Peach
2154,Potato Red
2155,Clementine
2156,Pepper Red
2157,Apple Granny Smith
2158,Apple Braeburn
2159,Clementine
2160,Apple Braeburn
2161,Pepper Red
2162,Apple Braeburn
2163,Pineapple
2164,Pineapple
2165,Passion Fruit
2166,Clementine
2167,Pepper Red
2168,Cantaloupe
2169,Pomegranate
2170,Clementine
2171,Apple Braeburn
2172,Watermelon
2173,Tomato
2174,Kiwi
2175,Papaya
2176,Pepper Green
2177,Lemon
2178,Pineapple
2179,Papaya
2180,Pepper Green
2181,Pineapple
2182,Kiwi
2183,Watermelon
2184,Tomato
2185,Grape Blue
2186,Kiwi
2187,Onion White
2188,Apricot
2189,Mango
2190,Mango
2191,Onion White
2192,Lemon
2193,Apricot
2194,Tomato
2195,Grape Blue
2196,Onion White
2197,Strawberry
2198,Tomato
2199,Pineapple
2200,Onion White
2201,Pear
2202,Pineapple
2203,Strawberry
2204,Tomato
2205,Pear
2206,Pineapple
2207,Pepper Green
2208,Corn
2209,Cactus fruit
2210,Orange
2211,Banana
2212,Pear
2213,Orange
2214,Banana
2215,Pear
2216,Onion White
2217,Plum
2218,Corn
2219,Pepper Green
2220,Plum
2221,Limes
2222,Apple Granny Smith
2223,Orange
2224,Cactus fruit
2225,Grape Blue
2226,Onion White
2227,Cantaloupe
2228,Cantaloupe
2229,Cactus fruit
2230,Grape Blue
2231,Limes
2232,Apple Granny Smith
2233,Cherry
2234,Corn
2235,Pomegranate
2236,Raspberry
2237,Apple Granny Smith
2238,Banana
2239,Pepper Red
2240,Cucumber Ripe
2241,Pear
2242,Raspberry
2243,Pomegranate
2244,Lemon
2245,Apple Granny Smith
2246,Lemon
2247,Cactus fruit
2248,Kiwi
2249,Orange
2250,Strawberry
2251,Grape Blue
2252,Cucumber Ripe
2253,Grape Blue
2254,Cucumber Ripe
2255,Kiwi
2256,Cactus fruit
2257,Pepper Red
2258,Strawberry
2259,Orange
2260,Pomegranate
2261,Apple Granny Smith
2262,Raspberry
2263,Banana
2264,Orange
2265,Pepper Red
2266,Kiwi
2267,Cactus fruit
2268,Cucumber Ripe
2269,Grape Blue
2270,Raspberry
2271,Apple Granny Smith
2272,Pomegranate
2273,Lemon
2274,Apple Granny Smith
2275,Cucumber Ripe
2276,Grape Blue
2277,Orange
2278,Strawberry
2279,Cactus fruit
2280,Kiwi
2281,Banana
2282,Cucumber Ripe
2283,Pepper Red
2284,Lemon
2285,Pomegranate
2286,Raspberry
2287,Apple Granny Smith
2288,Raspberry
2289,Pomegranate
2290,Pear
2291,Grape Blue
2292,Cactus fruit
2293,Cantaloupe
2294,Corn
2295,Plum
2296,Apple Granny Smith
2297,Limes
2298,Apple Granny Smith
2299,Limes
2300,Cherry
2301,Cantaloupe
2302,Kiwi
2303,Grape Blue
2304,Cactus fruit
2305,Orange
2306,Onion White
2307,Pear
2308,Pear
2309,Orange
2310,Pepper Green
2311,Onion White
2312,Plum
2313,Onion White
2314,Pepper Green
2315,Onion White
2316,Banana
2317,Orange
2318,Cactus fruit
2319,Pineapple
2320,Pear
2321,Pineapple
2322,Tomato
2323,Banana
2324,Tomato
2325,Strawberry
2326,Onion White
2327,Pear
2328,Onion White
2329,Pineapple
2330,Apricot
2331,Lemon
2332,Onion White
2333,Mango
2334,Grape Blue
2335,Tomato
2336,Kiwi
2337,Grape Blue
2338,Tomato
2339,Mango
2340,Apricot
2341,Onion White
2342,Pineapple
2343,Pepper Green
2344,Papaya
2345,Watermelon
2346,Kiwi
2347,Kiwi
2348,Tomato
2349,Watermelon
2350,Pineapple
2351,Lemon
2352,Pepper Green
2353,Papaya
2354,Clementine
2355,Passion Fruit
2356,Pineapple
2357,Apple Braeburn
2358,Clementine
2359,Pomegranate
2360,Cantaloupe
2361,Pepper Red
2362,Apple Braeburn
2363,Pepper Red
2364,Apple Braeburn
2365,Clementine
2366,Pineapple
2367,Peach
2368,Peach
2369,Plum
2370,Passion Fruit
2371,Apple Braeburn
2372,Apple Granny Smith
2373,Pepper Red
2374,Clementine
2375,Potato Red
2376,Potato Red
2377,Apple Braeburn
2378,Apple Granny Smith
2379,Clementine
2380,Passion Fruit
2381,Peach
2382,Passion Fruit
2383,Pineapple
2384,Peach
2385,Pepper Red
2386,Blueberry
2387,Cherry
2388,Peach
2389,Pomegranate
2390,Peach
2391,Avocado
2392,Cherry
2393,Onion White
2394,Blueberry
2395,Pear
2396,Pomegranate
2397,Peach
2398,Cucumber Ripe
2399,Cherry
2400,Raspberry
2401,Onion White
2402,Papaya
2403,Raspberry
2404,Avocado
2405,Cucumber Ripe
2406,Limes
2407,Watermelon
2408,Avocado
2409,Cherry
2410,Plum
2411,Papaya
2412,Raspberry
2413,Avocado
2414,Cherry
2415,Apple Granny Smith
2416,Limes
2417,Watermelon
2418,Grape Blue
2419,Mango
2420,Avocado
2421,Apricot
2422,Potato Red
2423,Raspberry
2424,Raspberry
2425,Grape Blue
2426,Watermelon
2427,Cherry
2428,Grape Blue
2429,Kiwi
2430,Apricot
2431,Blueberry
2432,Pepper Green
2433,Potato Red
2434,Blueberry
2435,Apricot
2436,Potato Red
2437,Cherry
2438,Mango
2439,Potato Red
2440,Pepper Green
2441,Blueberry
2442,Apricot
2443,Watermelon
2444,Kiwi
2445,Cherry
2446,Cherry
2447,Potato Red
2448,Apricot
2449,Grape Blue
2450,Raspberry
2451,Mango
2452,Grape Blue
2453,Watermelon
2454,Watermelon
2455,Grape Blue
2456,Papaya
2457,Grape Blue
2458,Raspberry
2459,Cherry
2460,Plum
2461,Avocado
2462,Grape Blue
2463,Limes
2464,Limes
2465,Apple Granny Smith
2466,Cherry
2467,Avocado
2468,Cucumber Ripe
2469,Papaya
2470,Raspberry
2471,Cucumber Ripe
2472,Avocado
2473,Cucumber Ripe
2474,Avocado
2475,Limes
2476,Raspberry
2477,Potato Red
2478,Blueberry
2479,Kiwi
2480,Peach
2481,Pomegranate
2482,Peach
2483,Pomegranate
2484,Pear
2485,Pepper Red
2486,Peach
2487,Peach
2488,Pomegranate
2489,Apple Braeburn
2490,Cherry
2491,Potato Red
2492,Apple Granny Smith
2493,Cantaloupe
2494,Apple Braeburn
2495,Passion Fruit
2496,Plum
2497,Peach
2498,Plum
2499,Peach
2500,Passion Fruit
2501,Passion Fruit
2502,Apple Granny Smith
2503,Apple Braeburn
2504,Potato Red
2505,Apple Braeburn
2506,Pepper Red
2507,Apple Granny Smith
2508,Pomegranate
2509,Cantaloupe
2510,Clementine
2511,Apple Braeburn
2512,Pineapple
2513,Peach
2514,Clementine
2515,Pineapple
2516,Clementine
2517,Apple Braeburn
2518,Pepper Red
2519,Kiwi
2520,Watermelon
2521,Papaya
2522,Pepper Green
2523,Pineapple
2524,Mango
2525,Papaya
2526,Onion White
2527,Pepper Green
2528,Lemon
2529,Pineapple
2530,Watermelon
2531,Grape Blue
2532,Kiwi
2533,Watermelon
2534,Tomato
2535,Grape Blue
2536,Mango
2537,Onion White
2538,Apricot
2539,Papaya
2540,Onion White
2541,Apricot
2542,Mango
2543,Tomato
2544,Grape Blue
2545,Strawberry
2546,Tomato
2547,Pineapple
2548,Pineapple
2549,Onion White
2550,Tomato
2551,Onion White
2552,Banana
2553,Tomato
2554,Strawberry
2555,Tomato
2556,Kiwi
2557,Corn
2558,Pepper Green
2559,Orange
2560,Banana
2561,Onion White
2562,Onion White
2563,Orange
2564,Cactus fruit
2565,Banana
2566,Grape Blue
2567,Onion White
2568,Pepper Green
2569,Corn
2570,Limes
2571,Apple Granny Smith
2572,Cherry
2573,Pomegranate
2574,Cantaloupe
2575,Cactus fruit
2576,Grape Blue
2577,Cactus fruit
2578,Grape Blue
2579,Cantaloupe
2580,Plum
2581,Limes
2582,Apple Granny Smith
2583,Pepper Green
2584,Raspberry
2585,Pomegranate
2586,Lemon
2587,Plum
2588,Orange
2589,Banana
2590,Banana
2591,Kiwi
2592,Cactus fruit
2593,Pomegranate
2594,Raspberry
2595,Apple Granny Smith
2596,Grape Blue
2597,Cucumber Ripe
2598,Pear
2599,Cactus fruit
2600,Kiwi
2601,Pepper Red
2602,Orange
2603,Strawberry
2604,Kiwi
2605,Banana
2606,Strawberry
2607,Orange
2608,Grape Blue
2609,Cucumber Ripe
2610,Pear
2611,Orange
2612,Apple Granny Smith
2613,Orange
2614,Pear
2615,Cucumber Ripe
2616,Grape Blue
2617,Strawberry
2618,Orange
2619,Kiwi
2620,Cactus fruit
2621,Apple Granny Smith
2622,Apple Granny Smith
2623,Orange
2624,Strawberry
2625,Pepper Red
2626,Cactus fruit
2627,Kiwi
2628,Corn
2629,Cucumber Ripe
2630,Grape Blue
2631,Kiwi
2632,Cactus fruit
2633,Banana
2634,Raspberry
2635,Pomegranate
2636,Plum
2637,Lemon
2638,Pomegranate
2639,Raspberry
2640,Banana
2641,Orange
2642,Cantaloupe
2643,Grape Blue
2644,Cactus fruit
2645,Pepper Green
2646,Apple Granny Smith
2647,Limes
2648,Plum
2649,Pomegranate
2650,Plum
2651,Apple Granny Smith
2652,Limes
2653,Grape Blue
2654,Cactus fruit
2655,Cantaloupe
2656,Onion White
2657,Grape Blue
2658,Cactus fruit
2659,Banana
2660,Orange
2661,Pear
2662,Pepper Green
2663,Pepper Green
2664,Corn
2665,Pear
2666,Pear
2667,Pear
2668,Orange
2669,Kiwi
2670,Tomato
2671,Strawberry
2672,Kiwi
2673,Pineapple
2674,Tomato
2675,Strawberry
2676,Onion White
2677,Tomato
2678,Tomato
2679,Strawberry
2680,Pineapple
2681,Mango
2682,Apricot
2683,Onion White
2684,Papaya
2685,Grape Blue
2686,Tomato
2687,Grape Blue
2688,Tomato
2689,Watermelon
2690,Apricot
2691,Onion White
2692,Mango
2693,Pineapple
2694,Lemon
2695,Pepper Green
2696,Onion White
2697,Papaya
2698,Kiwi
2699,Grape Blue
2700,Watermelon
2701,Watermelon
2702,Kiwi
2703,Mango
2704,Pineapple
2705,Pepper Green
2706,Papaya
2707,Pineapple
2708,Pepper Red
2709,Apple Braeburn
2710,Clementine
2711,Apple Braeburn
2712,Clementine
2713,Cantaloupe
2714,Pomegranate
2715,Apple Granny Smith
2716,Pepper Red
2717,Clementine
2718,Peach
2719,Pineapple
2720,Passion Fruit
2721,Passion Fruit
2722,Peach
2723,Apple Braeburn
2724,Potato Red
2725,Apple Braeburn
2726,Apple Granny Smith
2727,Apple Braeburn
2728,Cantaloupe
2729,Apple Granny Smith
2730,Potato Red
2731,Peach
2732,Plum
2733,Passion Fruit
2734,Pomegranate
2735,Peach
2736,Cherry
2737,Apple Braeburn
2738,Peach
2739,Pepper Red
2740,Pomegranate
2741,Peach
2742,Pear
2743,Onion White
2744,Blueberry
2745,Potato Red
2746,Pomegranate
2747,Peach
2748,Limes
2749,Cucumber Ripe
2750,Raspberry
2751,Raspberry
2752,Papaya
2753,Cucumber Ripe
2754,Mango
2755,Avocado
2756,Cucumber Ripe
2757,Cherry
2758,Apple Granny Smith
2759,Limes
2760,Limes
2761,Grape Blue
2762,Avocado
2763,Plum
2764,Cherry
2765,Grape Blue
2766,Papaya
2767,Watermelon
2768,Raspberry
2769,Blueberry
2770,Raspberry
2771,Watermelon
2772,Grape Blue
2773,Mango
2774,Cherry
2775,Grape Blue
2776,Apricot
2777,Pineapple
2778,Apricot
2779,Blueberry
2780,Potato Red
2781,Pepper Green
2782,Cherry
2783,Kiwi
2784,Watermelon
2785,Watermelon
2786,Grape Blue
2787,Mango
2788,Blueberry
2789,Kiwi
2790,Grape Blue
2791,Mango
2792,Cherry
2793,Watermelon
2794,Papaya
2795,Avocado
2796,Potato Red
2797,Blueberry
2798,Apricot
2799,Potato Red
2800,Apricot
2801,Blueberry
2802,Raspberry
2803,Watermelon
2804,Avocado
2805,Grape Blue
2806,Cucumber Ripe
2807,Watermelon
2808,Limes
2809,Raspberry
2810,Papaya
2811,Papaya
2812,Raspberry
2813,Watermelon
2814,Grape Blue
2815,Mango
2816,Limes
2817,Cherry
2818,Cucumber Ripe
2819,Avocado
2820,Pear
2821,Onion White
2822,Cherry
2823,Avocado
2824,Limes
2825,Pomegranate
2826,Peach
2827,Cherry
2828,Potato Red
2829,Cherry
2830,Onion White
2831,Mango
2832,Pomegranate
2833,Grape Blue
2834,Pear
2835,Apple Braeburn
2836,Apple Braeburn
2837,Blueberry
2838,Pomegranate
2839,Pepper Red
2840,Clementine
2841,Pineapple
2842,Clementine
2843,Potato Red
2844,Apple Braeburn
2845,Pepper Red
2846,Cantaloupe
2847,Apple Granny Smith
2848,Pepper Red
2849,Cantaloupe
2850,Clementine
2851,Apple Braeburn
2852,Plum
2853,Peach
2854,Peach
2855,Pineapple
2856,Clementine
2857,Peach
2858,Passion Fruit
2859,Passion Fruit
2860,Apple Granny Smith
2861,Apple Braeburn
2862,Apple Braeburn
2863,Potato Red
2864,Apple Granny Smith
2865,Apple Braeburn
2866,Cantaloupe
2867,Pomegranate
2868,Peach
2869,Passion Fruit
2870,Pepper Green
2871,Onion White
2872,Papaya
2873,Apricot
2874,Mango
2875,Grape Blue
2876,Tomato
2877,Watermelon
2878,Grape Blue
2879,Tomato
2880,Mango
2881,Onion White
2882,Pineapple
2883,Onion White
2884,Papaya
2885,Lemon
2886,Watermelon
2887,Grape Blue
2888,Kiwi
2889,Kiwi
2890,Watermelon
2891,Pepper Green
2892,Papaya
2893,Lemon
2894,Mango
2895,Onion White
2896,Tomato
2897,Tomato
2898,Strawberry
2899,Tomato
2900,Onion White
2901,Pineapple
2902,Pear
2903,Kiwi
2904,Tomato
2905,Strawberry
2906,Tomato
2907,Kiwi
2908,Onion White
2909,Pineapple
2910,Cactus fruit
2911,Grape Blue
2912,Cantaloupe
2913,Cactus fruit
2914,Plum
2915,Limes
2916,Pepper Green
2917,Plum
2918,Cactus fruit
2919,Cactus fruit
2920,Grape Blue
2921,Banana
2922,Cactus fruit
2923,Orange
2924,Pear
2925,Grape Blue
2926,Pepper Green
2927,Apple Granny Smith
2928,Pomegranate
2929,Corn
2930,Pomegranate
2931,Apple Granny Smith
2932,Pepper Green
2933,Orange
2934,Pear
2935,Pepper Red
2936,Cactus fruit
2937,Kiwi
2938,Orange
2939,Apple Granny Smith
2940,Plum
2941,Plum
2942,Apple Granny Smith
2943,Cucumber Ripe
2944,Banana
2945,Pepper Red
2946,Kiwi
2947,Cactus fruit
2948,Orange
2949,Onion White
2950,Banana
2951,Orange
2952,Banana
2953,Kiwi
2954,Pomegranate
2955,Grape Blue
2956,Lemon
2957,Raspberry
2958,Raspberry
2959,Pomegranate
2960,Lemon
2961,Orange
2962,Onion White
2963,Banana
2964,Orange
2965,Lemon
2966,Pomegranate
2967,Raspberry
2968,Orange
2969,Banana
2970,Onion White
2971,Orange
2972,Cactus fruit
2973,Kiwi
2974,Orange
2975,Banana
2976,Onion White
2977,Raspberry
2978,Lemon
2979,Grape Blue
2980,Pomegranate
2981,Apple Granny Smith
2982,Plum
2983,Orange
2984,Kiwi
2985,Cactus fruit
2986,Pepper Red
2987,Banana
2988,Cucumber Ripe
2989,Orange
2990,Cactus fruit
2991,Kiwi
2992,Pepper Red
2993,Plum
2994,Apple Granny Smith
2995,Pepper Green
2996,Limes
2997,Pomegranate
2998,Corn
2999,Pear
3000,Orange
3001,Grape Blue
3002,Pear
3003,Orange
3004,Banana
3005,Cactus fruit
3006,Pomegranate
3007,Apple Granny Smith
3008,Pepper Green
3009,Plum
3010,Grape Blue
3011,Cactus fruit
3012,Cactus fruit
3013,Banana
3014,Cantaloupe
3015,Grape Blue
3016,Banana
3017,Pepper Green
3018,Apple Granny Smith
3019,Plum
3020,Kiwi
3021,Tomato
3022,Strawberry
3023,Pineapple
3024,Onion White
3025,Pear
3026,Pineapple
3027,Tomato
3028,Kiwi
3029,Tomato
3030,Strawberry
3031,Tomato
3032,Onion White
3033,Onion White
3034,Tomato
3035,Watermelon
3036,Kiwi
3037,Mango
3038,Lemon
3039,Papaya
3040,Pepper Green
3041,Lemon
3042,Papaya
3043,Onion White
3044,Kiwi
3045,Grape Blue
3046,Watermelon
3047,Tomato
3048,Grape Blue
3049,Watermelon
3050,Pineapple
3051,Onion White
3052,Mango
3053,Mango
3054,Apricot
3055,Papaya
3056,Onion White
3057,Pepper Green
3058,Tomato
3059,Grape Blue
3060,Pomegranate
3061,Cantaloupe
3062,Apple Braeburn
3063,Apple Granny Smith
3064,Potato Red
3065,Passion Fruit
3066,Peach
3067,Passion Fruit
3068,Passion Fruit
3069,Peach
3070,Apple Braeburn
3071,Apple Braeburn
3072,Apple Granny Smith
3073,Apple Braeburn
3074,Clementine
3075,Cantaloupe
3076,Pepper Red
3077,Apple Granny Smith
3078,Clementine
3079,Pineapple
3080,Peach
3081,Peach
3082,Plum
3083,Pineapple
3084,Clementine
3085,Cantaloupe
3086,Pepper Red
3087,Apple Braeburn
3088,Potato Red
3089,Clementine
3090,Blueberry
3091,Apple Braeburn
3092,Pepper Red
3093,Pomegranate
3094,Pomegranate
3095,Apple Braeburn
3096,Pear
3097,Grape Blue
3098,Avocado
3099,Pear
3100,Cherry
3101,Potato Red
3102,Peach
3103,Pomegranate
3104,Cherry
3105,Onion White
3106,Limes
3107,Avocado
3108,Cherry
3109,Peach
3110,Avocado
3111,Cherry
3112,Limes
3113,Banana
3114,Raspberry
3115,Papaya
3116,Avocado
3117,Grape Blue
3118,Watermelon
3119,Limes
3120,Watermelon
3121,Cucumber Ripe
3122,Grape Blue
3123,Papaya
3124,Raspberry
3125,Raspberry
3126,Blueberry
3127,Apricot
3128,Potato Red
3129,Avocado
3130,Watermelon
3131,Avocado
3132,Papaya
3133,Apricot
3134,Blueberry
3135,Potato Red
3136,Watermelon
3137,Cherry
3138,Mango
3139,Grape Blue
3140,Kiwi
3141,Mango
3142,Grape Blue
3143,Watermelon
3144,Blueberry
3145,Grape Blue
3146,Mango
3147,Watermelon
3148,Potato Red
3149,Pepper Green
3150,Apricot
3151,Watermelon
3152,Grape Blue
3153,Mango
3154,Grape Blue
3155,Avocado
3156,Potato Red
3157,Apricot
3158,Grape Blue
3159,Potato Red
3160,Grape Blue
3161,Apricot
3162,Papaya
3163,Avocado
3164,Watermelon
3165,Cherry
3166,Cherry
3167,Grape Blue
3168,Papaya
3169,Raspberry
3170,Raspberry
3171,Papaya
3172,Apple Granny Smith
3173,Grape Blue
3174,Cucumber Ripe
3175,Watermelon
3176,Cherry
3177,Avocado
3178,Limes
3179,Raspberry
3180,Corn
3181,Papaya
3182,Banana
3183,Limes
3184,Tomato
3185,Cherry
3186,Avocado
3187,Peach
3188,Potato Red
3189,Grape Blue
3190,Avocado
3191,Cherry
3192,Cherry
3193,Peach
3194,Pomegranate
3195,Peach
3196,Apple Braeburn
3197,Blueberry
3198,Blueberry
3199,Pear
3200,Apple Braeburn
3201,Pomegranate
3202,Peach
3203,Pineapple
3204,Clementine
3205,Passion Fruit
3206,Pepper Red
3207,Cantaloupe
3208,Clementine
3209,Apple Braeburn
3210,Clementine
3211,Apple Braeburn
3212,Pepper Red
3213,Cantaloupe
3214,Orange
3215,Clementine
3216,Pineapple
3217,Passion Fruit
3218,Peach
3219,Clementine
3220,Potato Red
3221,Apple Granny Smith
3222,Pepper Red
3223,Apple Braeburn
3224,Apple Granny Smith
3225,Apple Braeburn
3226,Passion Fruit
3227,Peach
3228,Pineapple
3229,Passion Fruit
3230,Mango
3231,Onion White
3232,Grape Blue
3233,Tomato
3234,Grape Blue
3235,Tomato
3236,Kiwi
3237,Onion White
3238,Apricot
3239,Mango
3240,Pepper Green
3241,Papaya
3242,Apricot
3243,Lemon
3244,Kiwi
3245,Watermelon
3246,Watermelon
3247,Tomato
3248,Kiwi
3249,Papaya
3250,Lemon
3251,Pineapple
3252,Onion White
3253,Tomato
3254,Tomato
3255,Onion White
3256,Onion White
3257,Pear
3258,Pineapple
3259,Strawberry
3260,Tomato
3261,Kiwi
3262,Kiwi
3263,Tomato
3264,Pineapple
3265,Onion White
3266,Cactus fruit
3267,Banana
3268,Cactus fruit
3269,Grape Blue
3270,Plum
3271,Corn
3272,Plum
3273,Limes
3274,Cactus fruit
3275,Orange
3276,Onion White
3277,Grape Blue
3278,Cantaloupe
3279,Cactus fruit
3280,Orange
3281,Onion White
3282,Cantaloupe
3283,Plum
3284,Corn
3285,Pomegranate
3286,Pepper Green
3287,Pepper Green
3288,Pomegranate
3289,Pear
3290,Orange
3291,Onion White
3292,Cucumber Ripe
3293,Pepper Red
3294,Cactus fruit
3295,Kiwi
3296,Orange
3297,Pomegranate
3298,Plum
3299,Apple Granny Smith
3300,Raspberry
3301,Apple Granny Smith
3302,Plum
3303,Pepper Red
3304,Kiwi
3305,Cactus fruit
3306,Orange
3307,Pepper Red
3308,Cucumber Ripe
3309,Onion White
3310,Banana
3311,Orange
3312,Raspberry
3313,Pomegranate
3314,Lemon
3315,Pomegranate
3316,Grape Blue
3317,Lemon
3318,Raspberry
3319,Apple Granny Smith
3320,Pear
3321,Grape Blue
3322,Banana
3323,Orange
3324,Strawberry
3325,Apple Granny Smith
3326,Raspberry
3327,Lemon
3328,Grape Blue
3329,Pomegranate
3330,Strawberry
3331,Orange
3332,Banana
3333,Grape Blue
3334,Pear
3335,Orange
3336,Banana
3337,Pear
3338,Cucumber Ripe
3339,Pepper Red
3340,Lemon
3341,Pomegranate
3342,Raspberry
3343,Plum
3344,Apple Granny Smith
3345,Orange
3346,Kiwi
3347,Cactus fruit
3348,Pepper Red
3349,Orange
3350,Cactus fruit
3351,Kiwi
3352,Pepper Red
3353,Peach
3354,Raspberry
3355,Apple Granny Smith
3356,Plum
3357,Pomegranate
3358,Pomegranate
3359,Pepper Green
3360,Onion White
3361,Orange
3362,Banana
3363,Cantaloupe
3364,Onion White
3365,Orange
3366,Pepper Green
3367,Pomegranate
3368,Corn
3369,Plum
3370,Apple Granny Smith
3371,Plum
3372,Banana
3373,Cantaloupe
3374,Grape Blue
3375,Pear
3376,Orange
3377,Cactus fruit
3378,Grape Blue
3379,Pear
3380,Cactus fruit
3381,Cactus fruit
3382,Onion White
3383,Plum
3384,Tomato
3385,Kiwi
3386,Pear
3387,Pineapple
3388,Pineapple
3389,Onion White
3390,Kiwi
3391,Tomato
3392,Banana
3393,Tomato
3394,Onion White
3395,Onion White
3396,Onion White
3397,Pineapple
3398,Tomato
3399,Kiwi
3400,Tomato
3401,Watermelon
3402,Lemon
3403,Papaya
3404,Lemon
3405,Apricot
3406,Papaya
3407,Pepper Green
3408,Watermelon
3409,Kiwi
3410,Kiwi
3411,Tomato
3412,Grape Blue
3413,Mango
3414,Apricot
3415,Onion White
3416,Onion White
3417,Mango
3418,Tomato
3419,Grape Blue
3420,Apple Braeburn
3421,Apple Granny Smith
3422,Passion Fruit
3423,Pineapple
3424,Peach
3425,Passion Fruit
3426,Peach
3427,Passion Fruit
3428,Apple Braeburn
3429,Pepper Red
3430,Apple Granny Smith
3431,Potato Red
3432,Clementine
3433,Clementine
3434,Cantaloupe
3435,Pepper Red
3436,Apple Braeburn
3437,Clementine
3438,Pineapple
3439,Clementine
3440,Passion Fruit
3441,Clementine
3442,Pineapple
3443,Peach
3444,Apple Braeburn
3445,Clementine
3446,Cantaloupe
3447,Pepper Red
3448,Apple Braeburn
3449,Onion White
3450,Blueberry
3451,Pomegranate
3452,Peach
3453,Pomegranate
3454,Blueberry
3455,Apple Braeburn
3456,Cherry
3457,Peach
3458,Peach
3459,Cherry
3460,Avocado
3461,Blueberry
3462,Potato Red
3463,Banana
3464,Avocado
3465,Cherry
3466,Tomato
3467,Limes
3468,Limes
3469,Mango
3470,Cherry
3471,Papaya
3472,Corn
3473,Raspberry
3474,Papaya
3475,Raspberry
3476,Watermelon
3477,Cucumber Ripe
3478,Grape Blue
3479,Apple Granny Smith
3480,Grape Blue
3481,Plum
3482,Cherry
3483,Watermelon
3484,Raspberry
3485,Papaya
3486,Apricot
3487,Blueberry
3488,Potato Red
3489,Avocado
3490,Papaya
3491,Mango
3492,Grape Blue
3493,Grape Blue
3494,Apricot
3495,Pineapple
3496,Mango
3497,Grape Blue
3498,Watermelon
3499,Watermelon
3500,Mango
3501,Grape Blue
3502,Apricot
3503,Potato Red
3504,Pepper Green
3505,Potato Red
3506,Apricot
3507,Blueberry
3508,Mango
3509,Avocado
3510,Avocado
3511,Papaya
3512,Grape Blue
3513,Potato Red
3514,Blueberry
3515,Apricot
3516,Mango
3517,Grape Blue
3518,Watermelon
3519,Watermelon
3520,Mango
3521,Grape Blue
3522,Potato Red
3523,Apricot
3524,Corn
3525,Cherry
3526,Avocado
3527,Limes
3528,Limes
3529,Tomato
3530,Cherry
3531,Avocado
3532,Pear
3533,Raspberry
3534,Papaya
3535,Raspberry
3536,Watermelon
3537,Grape Blue
3538,Cherry
3539,Cucumber Ripe
3540,Grape Blue
3541,Watermelon
3542,Raspberry
3543,Papaya
3544,Apple Braeburn
3545,Blueberry
3546,Pomegranate
3547,Peach
3548,Pomegranate
3549,Blueberry
3550,Pear
3551,Apple Braeburn
3552,Potato Red
3553,Avocado
3554,Cherry
3555,Peach
3556,Cherry
3557,Pineapple
3558,Apple Granny Smith
3559,Orange
3560,Clementine
3561,Pineapple
3562,Passion Fruit
3563,Peach
3564,Passion Fruit
3565,Peach
3566,Passion Fruit
3567,Pepper Red
3568,Apple Granny Smith
3569,Apple Braeburn
3570,Clementine
3571,Pepper Red
3572,Apple Braeburn
3573,Cantaloupe
3574,Clementine
3575,Apple Braeburn
3576,Peach
3577,Pineapple
3578,Clementine
3579,Clementine
3580,Passion Fruit
3581,Pineapple
3582,Clementine
3583,Apple Braeburn
3584,Pepper Red
3585,Cantaloupe
3586,Tomato
3587,Kiwi
3588,Watermelon
3589,Papaya
3590,Pepper Green
3591,Lemon
3592,Papaya
3593,Lemon
3594,Apricot
3595,Watermelon
3596,Kiwi
3597,Tomato
3598,Grape Blue
3599,Kiwi
3600,Mango
3601,Onion White
3602,Onion White
3603,Lemon
3604,Apricot
3605,Mango
3606,Tomato
3607,Grape Blue
3608,Strawberry
3609,Tomato
3610,Kiwi
3611,Onion White
3612,Pineapple
3613,Pineapple
3614,Onion White
3615,Kiwi
3616,Tomato
3617,Tomato
3618,Onion White
3619,Pineapple
3620,Onion White
3621,Tomato
3622,Pomegranate
3623,Onion White
3624,Pepper Green
3625,Orange
3626,Onion White
3627,Cantaloupe
3628,Orange
3629,Banana
3630,Pear
3631,Pepper Green
3632,Plum
3633,Pomegranate
3634,Plum
3635,Cactus fruit
3636,Orange
3637,Banana
3638,Grape Blue
3639,Onion White
3640,Pear
3641,Cactus fruit
3642,Grape Blue
3643,Cactus fruit
3644,Plum
3645,Onion White
3646,Limes
3647,Raspberry
3648,Apple Granny Smith
3649,Pomegranate
3650,Lemon
3651,Strawberry
3652,Grape Blue
3653,Onion White
3654,Orange
3655,Pear
3656,Cucumber Ripe
3657,Pear
3658,Orange
3659,Banana
3660,Pomegranate
3661,Lemon
3662,Grape Blue
3663,Raspberry
3664,Plum
3665,Apple Granny Smith
3666,Cucumber Ripe
3667,Kiwi
3668,Cactus fruit
3669,Pepper Red
3670,Orange
3671,Cactus fruit
3672,Kiwi
3673,Pepper Red
3674,Orange
3675,Cactus fruit
3676,Apple Granny Smith
3677,Raspberry
3678,Pomegranate
3679,Plum
3680,Orange
3681,Strawberry
3682,Pepper Red
3683,Cactus fruit
3684,Kiwi
3685,Plum
3686,Pomegranate
3687,Raspberry
3688,Apple Granny Smith
3689,Apple Granny Smith
3690,Plum
3691,Orange
3692,Pepper Red
3693,Kiwi
3694,Cactus fruit
3695,Cucumber Ripe
3696,Banana
3697,Orange
3698,Pear
3699,Cucumber Ripe
3700,Raspberry
3701,Grape Blue
3702,Lemon
3703,Pomegranate
3704,Lemon
3705,Pomegranate
3706,Apple Granny Smith
3707,Raspberry
3708,Pear
3709,Orange
3710,Onion White
3711,Grape Blue
3712,Strawberry
3713,Cactus fruit
3714,Grape Blue
3715,Pear
3716,Cactus fruit
3717,Limes
3718,Onion White
3719,Plum
3720,Plum
3721,Onion White
3722,Grape Blue
3723,Cactus fruit
3724,Orange
3725,Cactus fruit
3726,Pear
3727,Banana
3728,Orange
3729,Cantaloupe
3730,Pomegranate
3731,Plum
3732,Pepper Green
3733,Pepper Green
3734,Onion White
3735,Pomegranate
3736,Onion White
3737,Orange
3738,Onion White
3739,Pineapple
3740,Tomato
3741,Tomato
3742,Onion White
3743,Onion White
3744,Pineapple
3745,Tomato
3746,Kiwi
3747,Kiwi
3748,Tomato
3749,Strawberry
3750,Pineapple
3751,Pear
3752,Mango
3753,Apricot
3754,Lemon
3755,Onion White
3756,Grape Blue
3757,Tomato
3758,Kiwi
3759,Grape Blue
3760,Tomato
3761,Onion White
3762,Mango
3763,Apricot
3764,Lemon
3765,Papaya
3766,Kiwi
3767,Watermelon
3768,Watermelon
3769,Kiwi
3770,Tomato
3771,Lemon
3772,Pepper Green
3773,Papaya
3774,Pineapple
3775,Passion Fruit
3776,Clementine
3777,Cantaloupe
3778,Pepper Red
3779,Apple Braeburn
3780,Clementine
3781,Apple Braeburn
3782,Clementine
3783,Cantaloupe
3784,Apple Braeburn
3785,Pepper Red
3786,Clementine
3787,Pineapple
3788,Peach
3789,Passion Fruit
3790,Peach
3791,Passion Fruit
3792,Clementine
3793,Clementine
3794,Apple Granny Smith
3795,Pepper Red
3796,Apricot
3797,Apple Granny Smith
3798,Potato Red
3799,Peach
3800,Passion Fruit
3801,Pineapple
3802,Clementine
3803,Peach
3804,Cherry
3805,Cherry
3806,Mango
3807,Potato Red
3808,Pomegranate
3809,Peach
3810,Apple Braeburn
3811,Onion White
3812,Blueberry
3813,Blueberry
3814,Apple Braeburn
3815,Pomegranate
3816,Watermelon
3817,Grape Blue
3818,Cucumber Ripe
3819,Cherry
3820,Papaya
3821,Raspberry
3822,Raspberry
3823,Papaya
3824,Grape Blue
3825,Watermelon
3826,Mango
3827,Cherry
3828,Tomato
3829,Limes
3830,Raspberry
3831,Banana
3832,Onion White
3833,Limes
3834,Avocado
3835,Cherry
3836,Grape Blue
3837,Mango
3838,Watermelon
3839,Apricot
3840,Potato Red
3841,Watermelon
3842,Grape Blue
3843,Mango
3844,Papaya
3845,Grape Blue
3846,Avocado
3847,Apricot
3848,Blueberry
3849,Potato Red
3850,Blueberry
3851,Apricot
3852,Potato Red
3853,Mango
3854,Avocado
3855,Raspberry
3856,Potato Red
3857,Blueberry
3858,Apricot
3859,Avocado
3860,Papaya
3861,Watermelon
3862,Avocado
3863,Potato Red
3864,Apricot
3865,Blueberry
3866,Watermelon
3867,Mango
3868,Grape Blue
3869,Cherry
3870,Mango
3871,Grape Blue
3872,Watermelon
3873,Blueberry
3874,Pear
3875,Tomato
3876,Limes
3877,Cherry
3878,Avocado
3879,Cherry
3880,Peach
3881,Avocado
3882,Limes
3883,Corn
3884,Raspberry
3885,Papaya
3886,Avocado
3887,Cucumber Ripe
3888,Grape Blue
3889,Watermelon
3890,Watermelon
3891,Limes
3892,Grape Blue
3893,Papaya
3894,Raspberry
3895,Grape Blue
3896,Pear
3897,Apple Braeburn
3898,Pomegranate
3899,Pomegranate
3900,Apple Braeburn
3901,Blueberry
3902,Onion White
3903,Pear
3904,Cherry
3905,Pomegranate
3906,Potato Red
3907,Cherry
3908,Avocado
3909,Apple Granny Smith
3910,Apple Braeburn
3911,Peach
3912,Passion Fruit
3913,Passion Fruit
3914,Peach
3915,Passion Fruit
3916,Potato Red
3917,Apple Braeburn
3918,Apple Granny Smith
3919,Apple Braeburn
3920,Clementine
3921,Apple Braeburn
3922,Pepper Red
3923,Apple Granny Smith
3924,Cantaloupe
3925,Clementine
3926,Pineapple
3927,Peach
3928,Peach
3929,Pineapple
3930,Clementine
3931,Pepper Red
3932,Cantaloupe
3933,Potato Red
3934,Clementine
3935,Apple Braeburn
3936,Watermelon
3937,Kiwi
3938,Mango
3939,Papaya
3940,Lemon
3941,Papaya
3942,Onion White
3943,Pepper Green
3944,Lemon
3945,Grape Blue
3946,Kiwi
3947,Watermelon
3948,Tomato
3949,Grape Blue
3950,Watermelon
3951,Onion White
3952,Pineapple
3953,Apricot
3954,Mango
3955,Mango
3956,Papaya
3957,Pepper Green
3958,Onion White
3959,Tomato
3960,Grape Blue
3961,Kiwi
3962,Tomato
3963,Pineapple
3964,Onion White
3965,Kiwi
3966,Pineapple
3967,Strawberry
3968,Tomato
3969,Kiwi
3970,Strawberry
3971,Tomato
3972,Tomato
3973,Onion White
3974,Onion White
3975,Tomato
3976,Apple Granny Smith
3977,Pepper Green
3978,Pomegranate
3979,Orange
3980,Pear
3981,Pear
3982,Orange
3983,Cactus fruit
3984,Grape Blue
3985,Onion White
3986,Pomegranate
3987,Onion White
3988,Pepper Green
3989,Apple Granny Smith
3990,Plum
3991,Apple Granny Smith
3992,Cactus fruit
3993,Grape Blue
3994,Cactus fruit
3995,Cactus fruit
3996,Cactus fruit
3997,Grape Blue
3998,Onion White
3999,Pepper Green
4000,Plum
4001,Pomegranate
4002,Lemon
4003,Grape Blue
4004,Raspberry
4005,Kiwi
4006,Orange
4007,Banana
4008,Orange
4009,Cactus fruit
4010,Kiwi
4011,Pear
4012,Orange
4013,Banana
4014,Raspberry
4015,Pomegranate
4016,Lemon
4017,Apple Granny Smith
4018,Plum
4019,Kiwi
4020,Cactus fruit
4021,Pepper Red
4022,Strawberry
4023,Orange
4024,Pear
4025,Cucumber Ripe
4026,Cactus fruit
4027,Kiwi
4028,Pepper Red
4029,Orange
4030,Plum
4031,Apple Granny Smith
4032,Orange
4033,Pepper Red
4034,Banana
4035,Kiwi
4036,Cucumber Ripe
4037,Apple Granny Smith
4038,Plum
4039,Plum
4040,Apple Granny Smith
4041,Pear
4042,Strawberry
4043,Orange
4044,Pepper Red
4045,Kiwi
4046,Cactus fruit
4047,Banana
4048,Orange
4049,Onion White
4050,Cactus fruit
4051,Kiwi
4052,Lemon
4053,Pomegranate
4054,Raspberry
4055,Raspberry
4056,Grape Blue
4057,Lemon
4058,Pomegranate
4059,Orange
4060,Banana
4061,Orange
4062,Pear
4063,Onion White
4064,Grape Blue
4065,Cactus fruit
4066,Cactus fruit
4067,Plum
4068,Pepper Green
4069,Limes
4070,Plum
4071,Cactus fruit
4072,Grape Blue
4073,Cactus fruit
4074,Onion White
4075,Grape Blue
4076,Cactus fruit
4077,Orange
4078,Apple Granny Smith
4079,Pepper Green
4080,Onion White
4081,Pomegranate
4082,Pomegranate
4083,Pepper Green
4084,Apple Granny Smith
4085,Pear
4086,Banana
4087,Orange
4088,Onion White
4089,Tomato
4090,Tomato
4091,Tomato
4092,Strawberry
4093,Onion White
4094,Pineapple
4095,Onion White
4096,Kiwi
4097,Tomato
4098,Strawberry
4099,Tomato
4100,Kiwi
4101,Onion White
4102,Pineapple
4103,Onion White
4104,Pepper Green
4105,Papaya
4106,Mango
4107,Grape Blue
4108,Tomato
4109,Watermelon
4110,Grape Blue
4111,Tomato
4112,Mango
4113,Apricot
4114,Pineapple
4115,Onion White
4116,Lemon
4117,Pepper Green
4118,Onion White
4119,Papaya
4120,Watermelon
4121,Kiwi
4122,Grape Blue
4123,Kiwi
4124,Watermelon
4125,Lemon
4126,Papaya
4127,Mango
4128,Clementine
4129,Pineapple
4130,Peach
4131,Apple Braeburn
4132,Clementine
4133,Potato Red
4134,Cantaloupe
4135,Pepper Red
4136,Cantaloupe
4137,Apple Granny Smith
4138,Pepper Red
4139,Apple Braeburn
4140,Clementine
4141,Peach
4142,Pineapple
4143,Clementine
4144,Passion Fruit
4145,Peach
4146,Apple Braeburn
4147,Apple Granny Smith
4148,Apple Braeburn
4149,Potato Red
4150,Apple Braeburn
4151,Apple Granny Smith
4152,Passion Fruit
4153,Passion Fruit
4154,Peach
4155,Pomegranate
4156,Avocado
4157,Cherry
4158,Potato Red
4159,Cherry
4160,Pear
4161,Pomegranate
4162,Onion White
4163,Blueberry
4164,Apple Braeburn
4165,Apple Braeburn
4166,Onion White
4167,Grape Blue
4168,Pomegranate
4169,Grape Blue
4170,Limes
4171,Watermelon
4172,Raspberry
4173,Papaya
4174,Papaya
4175,Raspberry
4176,Watermelon
4177,Grape Blue
4178,Avocado
4179,Cucumber Ripe
4180,Limes
4181,Cucumber Ripe
4182,Avocado
4183,Cherry
4184,Onion White
4185,Banana
4186,Avocado
4187,Cherry
4188,Limes
4189,Tomato
4190,Watermelon
4191,Grape Blue
4192,Mango
4193,Grape Blue
4194,Cherry
4195,Grape Blue
4196,Mango
4197,Watermelon
4198,Avocado
4199,Blueberry
4200,Apricot
4201,Potato Red
4202,Apricot
4203,Blueberry
4204,Pineapple
4205,Raspberry
4206,Watermelon
4207,Papaya
4208,Avocado
4209,Papaya
4210,Grape Blue
4211,Mango
4212,Watermelon
4213,Watermelon
4214,Grape Blue
4215,Mango
4216,Papaya
4217,Passion Fruit
4218,Apricot
4219,Mango
4220,Grape Blue
4221,Blueberry
4222,Apricot
4223,Papaya
4224,Tomato
4225,Avocado
4226,Mango
4227,Cherry
4228,Mango
4229,Avocado
4230,Corn
4231,Raspberry
4232,Papaya
4233,Onion White
4234,Cherry
4235,Avocado
4236,Corn
4237,Tomato
4238,Tomato
4239,Avocado
4240,Avocado
4241,Papaya
4242,Raspberry
4243,Corn
4244,Cantaloupe
4245,Cherry
4246,Potato Red
4247,Cantaloupe
4248,Pepper Red
4249,Clementine
4250,Peach
4251,Peach
4252,Clementine
4253,Cantaloupe
4254,Grape Blue
4255,Pepper Red
4256,Blueberry
4257,Cherry
4258,Grape Blue
4259,Onion White
4260,Pomegranate
4261,Peach
4262,Grape Blue
4263,Cherry
4264,Pepper Red
4265,Apple Braeburn
4266,Cantaloupe
4267,Clementine
4268,Pineapple
4269,Clementine
4270,Clementine
4271,Passion Fruit
4272,Passion Fruit
4273,Pineapple
4274,Clementine
4275,Apple Braeburn
4276,Pepper Red
4277,Cantaloupe
4278,Potato Red
4279,Grape Blue
4280,Apple Braeburn
4281,Passion Fruit
4282,Clementine
4283,Plum
4284,Passion Fruit
4285,Plum
4286,Passion Fruit
4287,Peach
4288,Passion Fruit
4289,Pepper Red
4290,Apple Braeburn
4291,Pineapple
4292,Blueberry
4293,Grape Blue
4294,Tomato
4295,Kiwi
4296,Mango
4297,Onion White
4298,Apricot
4299,Watermelon
4300,Onion White
4301,Apricot
4302,Lemon
4303,Mango
4304,Grape Blue
4305,Tomato
4306,Strawberry
4307,Kiwi
4308,Tomato
4309,Pepper Green
4310,Papaya
4311,Lemon
4312,Pear
4313,Apple Granny Smith
4314,Pear
4315,Pepper Green
4316,Papaya
4317,Apricot
4318,Lemon
4319,Tomato
4320,Kiwi
4321,Blueberry
4322,Grape Blue
4323,Pepper Green
4324,Pear
4325,Pineapple
4326,Grape Blue
4327,Strawberry
4328,Tomato
4329,Onion White
4330,Onion White
4331,Lemon
4332,Pineapple
4333,Lemon
4334,Pear
4335,Onion White
4336,Strawberry
4337,Tomato
4338,Limes
4339,Plum
4340,Pepper Red
4341,Cantaloupe
4342,Lemon
4343,Pear
4344,Grape Blue
4345,Banana
4346,Cactus fruit
4347,Pepper Red
4348,Cantaloupe
4349,Plum
4350,Tomato
4351,Corn
4352,Limes
4353,Corn
4354,Banana
4355,Orange
4356,Onion White
4357,Raspberry
4358,Cantaloupe
4359,Pear
4360,Orange
4361,Onion White
4362,Plum
4363,Corn
4364,Lemon
4365,Apple Granny Smith
4366,Cucumber Ripe
4367,Pepper Red
4368,Kiwi
4369,Cactus fruit
4370,Strawberry
4371,Orange
4372,Pepper Red
4373,Cactus fruit
4374,Kiwi
4375,Orange
4376,Strawberry
4377,Cucumber Ripe
4378,Raspberry
4379,Apple Granny Smith
4380,Pomegranate
4381,Lemon
4382,Strawberry
4383,Cucumber Ripe
4384,Pepper Red
4385,Apple Braeburn
4386,Pomegranate
4387,Lemon
4388,Raspberry
4389,Clementine
4390,Cactus fruit
4391,Pepper Red
4392,Cucumber Ripe
4393,Clementine
4394,Limes
4395,Raspberry
4396,Lemon
4397,Pomegranate
4398,Apple Braeburn
4399,Lemon
4400,Pomegranate
4401,Apple Granny Smith
4402,Raspberry
4403,Strawberry
4404,Cucumber Ripe
4405,Orange
4406,Banana
4407,Cactus fruit
4408,Kiwi
4409,Pepper Red
4410,Apple Granny Smith
4411,Lemon
4412,Strawberry
4413,Orange
4414,Kiwi
4415,Cactus fruit
4416,Pepper Red
4417,Cucumber Ripe
4418,Pear
4419,Orange
4420,Banana
4421,Cantaloupe
4422,Corn
4423,Plum
4424,Corn
4425,Raspberry
4426,Onion White
4427,Orange
4428,Banana
4429,Cantaloupe
4430,Pepper Red
4431,Pear
4432,Cactus fruit
4433,Limes
4434,Corn
4435,Tomato
4436,Plum
4437,Plum
4438,Limes
4439,Grape Blue
4440,Pear
4441,Lemon
4442,Cantaloupe
4443,Pepper Red
4444,Pear
4445,Lemon
4446,Pineapple
4447,Tomato
4448,Cactus fruit
4449,Onion White
4450,Onion White
4451,Tomato
4452,Strawberry
4453,Lemon
4454,Onion White
4455,Pineapple
4456,Grape Blue
4457,Grape Blue
4458,Grape Blue
4459,Kiwi
4460,Pepper Green
4461,Lemon
4462,Apricot
4463,Papaya
4464,Pepper Green
4465,Pear
4466,Kiwi
4467,Tomato
4468,Tomato
4469,Kiwi
4470,Limes
4471,Onion White
4472,Lemon
4473,Papaya
4474,Pepper Green
4475,Mango
4476,Lemon
4477,Apricot
4478,Onion White
4479,Watermelon
4480,Strawberry
4481,Tomato
4482,Grape Blue
4483,Kiwi
4484,Tomato
4485,Grape Blue
4486,Apricot
4487,Onion White
4488,Mango
4489,Passion Fruit
4490,Peach
4491,Passion Fruit
4492,Plum
4493,Grape Blue
4494,Potato Red
4495,Apple Braeburn
4496,Pepper Red
4497,Clementine
4498,Grape Blue
4499,Potato Red
4500,Passion Fruit
4501,Plum
4502,Clementine
4503,Passion Fruit
4504,Pineapple
4505,Passion Fruit
4506,Passion Fruit
4507,Clementine
4508,Cantaloupe
4509,Pepper Red
4510,Apple Braeburn
4511,Clementine
4512,Clementine
4513,Cantaloupe
4514,Apple Braeburn
4515,Pepper Red
4516,Clementine
4517,Pineapple
4518,Peach
4519,Pomegranate
4520,Cherry
4521,Grape Blue
4522,Onion White
4523,Blueberry
4524,Clementine
4525,Peach
4526,Cherry
4527,Blueberry
4528,Pepper Red
4529,Grape Blue
4530,Cantaloupe
4531,Pepper Red
4532,Cantaloupe
4533,Potato Red
4534,Cherry
4535,Cantaloupe
4536,Peach
4537,Clementine
4538,Avocado
4539,Avocado
4540,Tomato
4541,Pear
4542,Raspberry
4543,Papaya
4544,Corn
4545,Tomato
4546,Onion White
4547,Avocado
4548,Cherry
4549,Avocado
4550,Mango
4551,Cherry
4552,Papaya
4553,Raspberry
4554,Corn
4555,Papaya
4556,Mango
4557,Avocado
4558,Tomato
4559,Grape Blue
4560,Apricot
4561,Blueberry
4562,Apricot
4563,Passion Fruit
4564,Mango
4565,Mango
4566,Grape Blue
4567,Watermelon
4568,Papaya
4569,Papaya
4570,Watermelon
4571,Mango
4572,Grape Blue
4573,Papaya
4574,Watermelon
4575,Grape Blue
4576,Mango
4577,Grape Blue
4578,Mango
4579,Watermelon
4580,Papaya
4581,Grape Blue
4582,Apricot
4583,Passion Fruit
4584,Apricot
4585,Raspberry
4586,Papaya
4587,Cactus fruit
4588,Mango
4589,Avocado
4590,Limes
4591,Avocado
4592,Mango
4593,Papaya
4594,Onion White
4595,Tomato
4596,Mango
4597,Cherry
4598,Avocado
4599,Onion White
4600,Limes
4601,Tomato
4602,Corn
4603,Cantaloupe
4604,Grape Blue
4605,Pepper Red
4606,Cherry
4607,Peach
4608,Passion Fruit
4609,Clementine
4610,Clementine
4611,Pomegranate
4612,Peach
4613,Cherry
4614,Cantaloupe
4615,Pepper Red
4616,Blueberry
4617,Orange
4618,Grape Blue
4619,Pomegranate
4620,Blueberry
4621,Onion White
4622,Clementine
4623,Apple Braeburn
4624,Apple Granny Smith
4625,Pepper Red
4626,Cantaloupe
4627,Cherry
4628,Clementine
4629,Plum
4630,Peach
4631,Pineapple
4632,Pineapple
4633,Clementine
4634,Pepper Red
4635,Cantaloupe
4636,Clementine
4637,Potato Red
4638,Cantaloupe
4639,Apple Braeburn
4640,Potato Red
4641,Grape Blue
4642,Plum
4643,Peach
4644,Passion Fruit
4645,Passion Fruit
4646,Passion Fruit
4647,Cherry
4648,Passion Fruit
4649,Potato Red
4650,Apple Braeburn
4651,Blueberry
4652,Apple Braeburn
4653,Grape Blue
4654,Tomato
4655,Watermelon
4656,Onion White
4657,Apricot
4658,Mango
4659,Mango
4660,Pepper Green
4661,Onion White
4662,Apricot
4663,Grape Blue
4664,Tomato
4665,Tomato
4666,Kiwi
4667,Pear
4668,Pepper Green
4669,Papaya
4670,Lemon
4671,Onion White
4672,Pepper Green
4673,Papaya
4674,Lemon
4675,Onion White
4676,Limes
4677,Grape Blue
4678,Kiwi
4679,Tomato
4680,Strawberry
4681,Tomato
4682,Grape Blue
4683,Onion White
4684,Grape Blue
4685,Blueberry
4686,Onion White
4687,Strawberry
4688,Tomato
4689,Apricot
4690,Pineapple
4691,Lemon
4692,Onion White
4693,Pear
4694,Lemon
4695,Strawberry
4696,Tomato
4697,Onion White
4698,Cherry
4699,Limes
4700,Cactus fruit
4701,Cantaloupe
4702,Pepper Red
4703,Cantaloupe
4704,Pepper Red
4705,Lemon
4706,Grape Blue
4707,Limes
4708,Plum
4709,Limes
4710,Corn
4711,Banana
4712,Orange
4713,Pear
4714,Peach
4715,Banana
4716,Cactus fruit
4717,Orange
4718,Onion White
4719,Grape Blue
4720,Raspberry
4721,Corn
4722,Onion White
4723,Pepper Red
4724,Kiwi
4725,Cactus fruit
4726,Strawberry
4727,Orange
4728,Cucumber Ripe
4729,Pear
4730,Banana
4731,Cucumber Ripe
4732,Pepper Red
4733,Cactus fruit
4734,Kiwi
4735,Orange
4736,Strawberry
4737,Apple Granny Smith
4738,Apple Braeburn
4739,Pomegranate
4740,Lemon
4741,Raspberry
4742,Clementine
4743,Banana
4744,Pepper Red
4745,Raspberry
4746,Pomegranate
4747,Pineapple
4748,Lemon
4749,Pepper Red
4750,Lemon
4751,Pineapple
4752,Pomegranate
4753,Raspberry
4754,Clementine
4755,Raspberry
4756,Lemon
4757,Pomegranate
4758,Orange
4759,Banana
4760,Orange
4761,Strawberry
4762,Cactus fruit
4763,Kiwi
4764,Pepper Red
4765,Peach
4766,Apple Granny Smith
4767,Pear
4768,Banana
4769,Pear
4770,Cucumber Ripe
4771,Strawberry
4772,Orange
4773,Kiwi
4774,Cactus fruit
4775,Pepper Red
4776,Raspberry
4777,Grape Blue
4778,Pear
4779,Orange
4780,Banana
4781,Cactus fruit
4782,Corn
4783,Corn
4784,Limes
4785,Cucumber Ripe
4786,Kiwi
4787,Orange
4788,Pear
4789,Grape Blue
4790,Lemon
4791,Pepper Red
4792,Cantaloupe
4793,Plum
4794,Limes
4795,Limes
4796,Cherry
4797,Pepper Red
4798,Cantaloupe
4799,Cactus fruit
4800,Lemon
4801,Onion White
4802,Onion White
4803,Tomato
4804,Strawberry
4805,Tomato
4806,Strawberry
4807,Onion White
4808,Onion White
4809,Lemon
4810,Pineapple
4811,Apricot
4812,Grape Blue
4813,Blueberry
4814,Onion White
4815,Grape Blue
4816,Tomato
4817,Strawberry
4818,Limes
4819,Pear
4820,Lemon
4821,Papaya
4822,Pepper Green
4823,Onion White
4824,Tomato
4825,Kiwi
4826,Grape Blue
4827,Kiwi
4828,Tomato
4829,Lemon
4830,Papaya
4831,Pepper Green
4832,Pear
4833,Apricot
4834,Onion White
4835,Pepper Green
4836,Mango
4837,Tomato
4838,Grape Blue
4839,Watermelon
4840,Tomato
4841,Grape Blue
4842,Mango
4843,Apricot
4844,Onion White
4845,Passion Fruit
4846,Plum
4847,Passion Fruit
4848,Apple Braeburn
4849,Blueberry
4850,Apple Braeburn
4851,Potato Red
4852,Blueberry
4853,Potato Red
4854,Orange
4855,Cantaloupe
4856,Passion Fruit
4857,Passion Fruit
4858,Peach
4859,Cherry
4860,Clementine
4861,Pineapple
4862,Potato Red
4863,Clementine
4864,Cantaloupe
4865,Pepper Red
4866,Cantaloupe
4867,Pepper Red
4868,Apple Granny Smith
4869,Apple Braeburn
4870,Clementine
4871,Pineapple
4872,Peach
4873,Cherry
4874,Clementine
4875,Cherry
4876,Onion White
4877,Blueberry
4878,Grape Blue
4879,Orange
4880,Blueberry
4881,Pomegranate
4882,Peach
4883,Pomegranate
4884,Clementine
4885,Pepper Red
4886,Cantaloupe
4887,Cherry
4888,Cherry
4889,Pepper Red
4890,Grape Blue
4891,Cantaloupe
4892,Clementine
4893,Passion Fruit
4894,Peach
4895,Tomato
4896,Limes
4897,Corn
4898,Mango
4899,Cherry
4900,Onion White
4901,Pear
4902,Avocado
4903,Tomato
4904,Mango
4905,Avocado
4906,Limes
4907,Papaya
4908,Papaya
4909,Raspberry
4910,Mango
4911,Mango
4912,Cactus fruit
4913,Apricot
4914,Passion Fruit
4915,Apricot
4916,Blueberry
4917,Watermelon
4918,Mango
4919,Grape Blue
4920,Papaya
4921,Papaya
4922,Mango
4923,Grape Blue
4924,Watermelon
4925,Blueberry
4926,Apricot
4927,Passion Fruit
4928,Apricot
4929,Blueberry
4930,Watermelon
4931,Watermelon
4932,Mango
4933,Grape Blue
4934,Papaya
4935,Papaya
4936,Mango
4937,Grape Blue
4938,Watermelon
4939,Tomato
4940,Avocado
4941,Onion White
4942,Onion White
4943,Cherry
4944,Avocado
4945,Pear
4946,Limes
4947,Tomato
4948,Mango
4949,Avocado
4950,Limes
4951,Raspberry
4952,Papaya
4953,Papaya
4954,Avocado
4955,Avocado
4956,Mango
4957,Blueberry
4958,Grape Blue
4959,Blueberry
4960,Onion White
4961,Peach
4962,Pomegranate
4963,Clementine
4964,Cantaloupe
4965,Grape Blue
4966,Pepper Red
4967,Cherry
4968,Cherry
4969,Cantaloupe
4970,Pepper Red
4971,Passion Fruit
4972,Clementine
4973,Peach
4974,Plum
4975,Peach
4976,Passion Fruit
4977,Passion Fruit
4978,Apple Granny Smith
4979,Apple Braeburn
4980,Pineapple
4981,Blueberry
4982,Apple Braeburn
4983,Potato Red
4984,Blueberry
4985,Apple Braeburn
4986,Cantaloupe
4987,Passion Fruit
4988,Plum
4989,Passion Fruit
4990,Clementine
4991,Pineapple
4992,Potato Red
4993,Clementine
4994,Pepper Red
4995,Cantaloupe
4996,Pepper Red
4997,Apple Granny Smith
4998,Cantaloupe
4999,Clementine
5000,Cherry
5001,Pineapple
5002,Peach
5003,Clementine
5004,Mango
5005,Pear
5006,Papaya
5007,Pepper Green
5008,Lemon
5009,Tomato
5010,Grape Blue
5011,Kiwi
5012,Kiwi
5013,Tomato
5014,Papaya
5015,Pepper Green
5016,Lemon
5017,Onion White
5018,Limes
5019,Pepper Green
5020,Onion White
5021,Apricot
5022,Mango
5023,Tomato
5024,Grape Blue
5025,Tomato
5026,Grape Blue
5027,Mango
5028,Onion White
5029,Apricot
5030,Lemon
5031,Pineapple
5032,Pear
5033,Onion White
5034,Strawberry
5035,Tomato
5036,Strawberry
5037,Tomato
5038,Onion White
5039,Onion White
5040,Lemon
5041,Apricot
5042,Grape Blue
5043,Grape Blue
5044,Grape Blue
5045,Onion White
5046,Strawberry
5047,Tomato
5048,Orange
5049,Banana
5050,Cactus fruit
5051,Grape Blue
5052,Onion White
5053,Corn
5054,Pear
5055,Limes
5056,Orange
5057,Pear
5058,Pear
5059,Cucumber Ripe
5060,Raspberry
5061,Cactus fruit
5062,Cantaloupe
5063,Pepper Red
5064,Cherry
5065,Limes
5066,Limes
5067,Plum
5068,Cantaloupe
5069,Pepper Red
5070,Grape Blue
5071,Lemon
5072,Pear
5073,Pepper Red
5074,Cactus fruit
5075,Pomegranate
5076,Apple Braeburn
5077,Lemon
5078,Raspberry
5079,Clementine
5080,Raspberry
5081,Pomegranate
5082,Lemon
5083,Banana
5084,Kiwi
5085,Pepper Red
5086,Orange
5087,Strawberry
5088,Cucumber Ripe
5089,Onion White
5090,Apple Granny Smith
5091,Cucumber Ripe
5092,Banana
5093,Banana
5094,Kiwi
5095,Cactus fruit
5096,Pepper Red
5097,Pepper Red
5098,Strawberry
5099,Orange
5100,Apple Granny Smith
5101,Onion White
5102,Strawberry
5103,Orange
5104,Pepper Red
5105,Pepper Red
5106,Kiwi
5107,Cactus fruit
5108,Banana
5109,Pear
5110,Cucumber Ripe
5111,Cucumber Ripe
5112,Orange
5113,Strawberry
5114,Pepper Red
5115,Cactus fruit
5116,Kiwi
5117,Lemon
5118,Pomegranate
5119,Raspberry
5120,Cactus fruit
5121,Pepper Red
5122,Pear
5123,Clementine
5124,Raspberry
5125,Lemon
5126,Apple Braeburn
5127,Pomegranate
5128,Cherry
5129,Limes
5130,Lemon
5131,Grape Blue
5132,Pepper Red
5133,Cantaloupe
5134,Pepper Red
5135,Cantaloupe
5136,Cactus fruit
5137,Limes
5138,Plum
5139,Limes
5140,Corn
5141,Raspberry
5142,Cucumber Ripe
5143,Onion White
5144,Banana
5145,Orange
5146,Onion White
5147,Grape Blue
5148,Banana
5149,Cactus fruit
5150,Orange
5151,Corn
5152,Tomato
5153,Strawberry
5154,Onion White
5155,Blueberry
5156,Grape Blue
5157,Grape Blue
5158,Onion White
5159,Tomato
5160,Strawberry
5161,Apricot
5162,Lemon
5163,Onion White
5164,Pear
5165,Pineapple
5166,Lemon
5167,Tomato
5168,Strawberry
5169,Onion White
5170,Grape Blue
5171,Tomato
5172,Apricot
5173,Onion White
5174,Mango
5175,Mango
5176,Apricot
5177,Onion White
5178,Pepper Green
5179,Grape Blue
5180,Tomato
5181,Tomato
5182,Kiwi
5183,Limes
5184,Kiwi
5185,Lemon
5186,Pepper Green
5187,Papaya
5188,Lemon
5189,Pepper Green
5190,Papaya
5191,Pear
5192,Mango
5193,Kiwi
5194,Grape Blue
5195,Tomato
5196,Clementine
5197,Cantaloupe
5198,Apple Granny Smith
5199,Pepper Red
5200,Clementine
5201,Peach
5202,Pineapple
5203,Plum
5204,Pineapple
5205,Clementine
5206,Cantaloupe
5207,Pepper Red
5208,Clementine
5209,Potato Red
5210,Cantaloupe
5211,Apple Braeburn
5212,Grape Blue
5213,Potato Red
5214,Passion Fruit
5215,Plum
5216,Passion Fruit
5217,Passion Fruit
5218,Passion Fruit
5219,Peach
5220,Plum
5221,Apple Braeburn
5222,Blueberry
5223,Potato Red
5224,Apple Braeburn
5225,Apple Granny Smith
5226,Pepper Red
5227,Cantaloupe
5228,Cherry
5229,Peach
5230,Clementine
5231,Passion Fruit
5232,Clementine
5233,Pomegranate
5234,Peach
5235,Cherry
5236,Pepper Red
5237,Grape Blue
5238,Cantaloupe
5239,Onion White
5240,Blueberry
5241,Grape Blue
5242,Blueberry
5243,Papaya
5244,Avocado
5245,Mango
5246,Avocado
5247,Limes
5248,Avocado
5249,Mango
5250,Papaya
5251,Raspberry
5252,Pear
5253,Tomato
5254,Limes
5255,Corn
5256,Avocado
5257,Cherry
5258,Avocado
5259,Tomato
5260,Corn
5261,Papaya
5262,Watermelon
5263,Grape Blue
5264,Mango
5265,Grape Blue
5266,Mango
5267,Watermelon
5268,Papaya
5269,Grape Blue
5270,Apricot
5271,Passion Fruit
5272,Watermelon
5273,Apricot
5274,Blueberry
5275,Grape Blue
5276,Passion Fruit
5277,Apricot
5278,Blueberry
5279,Blueberry
5280,Apricot
5281,Mango
5282,Apricot
5283,Mango
5284,Grape Blue
5285,Watermelon
5286,Potato Red
5287,Papaya
5288,Papaya
5289,Watermelon
5290,Mango
5291,Grape Blue
5292,Cherry
5293,Mango
5294,Corn
5295,Avocado
5296,Tomato
5297,Limes
5298,Raspberry
5299,Pear
5300,Papaya
5301,Pear
5302,Tomato
5303,Avocado
5304,Avocado
5305,Cherry
5306,Mango
5307,Papaya
5308,Corn
5309,Raspberry
5310,Papaya
5311,Mango
5312,Avocado
5313,Tomato
5314,Peach
5315,Grape Blue
5316,Cherry
5317,Onion White
5318,Blueberry
5319,Clementine
5320,Peach
5321,Grape Blue
5322,Cherry
5323,Cantaloupe
5324,Pepper Red
5325,Cucumber Ripe
5326,Cantaloupe
5327,Grape Blue
5328,Pepper Red
5329,Potato Red
5330,Cherry
5331,Peach
5332,Clementine
5333,Passion Fruit
5334,Plum
5335,Passion Fruit
5336,Potato Red
5337,Grape Blue
5338,Pepper Red
5339,Apple Braeburn
5340,Apple Granny Smith
5341,Apple Braeburn
5342,Potato Red
5343,Grape Blue
5344,Plum
5345,Passion Fruit
5346,Peach
5347,Passion Fruit
5348,Clementine
5349,Pineapple
5350,Passion Fruit
5351,Clementine
5352,Passion Fruit
5353,Pepper Red
5354,Cantaloupe
5355,Clementine
5356,Clementine
5357,Pepper Red
5358,Cantaloupe
5359,Clementine
5360,Pineapple
5361,Papaya
5362,Pepper Green
5363,Lemon
5364,Apricot
5365,Onion White
5366,Limes
5367,Kiwi
5368,Tomato
5369,Tomato
5370,Tomato
5371,Kiwi
5372,Pear
5373,Papaya
5374,Pepper Green
5375,Lemon
5376,Mango
5377,Onion White
5378,Lemon
5379,Apricot
5380,Strawberry
5381,Tomato
5382,Grape Blue
5383,Tomato
5384,Grape Blue
5385,Onion White
5386,Apricot
5387,Mango
5388,Pear
5389,Lemon
5390,Banana
5391,Tomato
5392,Onion White
5393,Onion White
5394,Strawberry
5395,Tomato
5396,Lemon
5397,Pineapple
5398,Pear
5399,Pineapple
5400,Grape Blue
5401,Blueberry
5402,Grape Blue
5403,Onion White
5404,Strawberry
5405,Pepper Green
5406,Orange
5407,Banana
5408,Pear
5409,Raspberry
5410,Cantaloupe
5411,Corn
5412,Onion White
5413,Orange
5414,Banana
5415,Pear
5416,Pepper Red
5417,Cantaloupe
5418,Banana
5419,Grape Blue
5420,Lemon
5421,Limes
5422,Plum
5423,Corn
5424,Cherry
5425,Limes
5426,Orange
5427,Onion White
5428,Pepper Red
5429,Cantaloupe
5430,Pepper Red
5431,Cucumber Ripe
5432,Raspberry
5433,Limes
5434,Pomegranate
5435,Lemon
5436,Pomegranate
5437,Apple Braeburn
5438,Lemon
5439,Raspberry
5440,Apple Granny Smith
5441,Clementine
5442,Banana
5443,Banana
5444,Cucumber Ripe
5445,Cactus fruit
5446,Kiwi
5447,Pepper Red
5448,Orange
5449,Strawberry
5450,Pomegranate
5451,Apple Granny Smith
5452,Lemon
5453,Cactus fruit
5454,Pepper Red
5455,Strawberry
5456,Orange
5457,Cucumber Ripe
5458,Lemon
5459,Cucumber Ripe
5460,Strawberry
5461,Orange
5462,Pepper Red
5463,Cactus fruit
5464,Orange
5465,Strawberry
5466,Pepper Red
5467,Cactus fruit
5468,Kiwi
5469,Cucumber Ripe
5470,Apple Granny Smith
5471,Pomegranate
5472,Clementine
5473,Apple Granny Smith
5474,Raspberry
5475,Lemon
5476,Apple Braeburn
5477,Pomegranate
5478,Strawberry
5479,Banana
5480,Cucumber Ripe
5481,Pepper Red
5482,Lemon
5483,Pomegranate
5484,Limes
5485,Raspberry
5486,Limes
5487,Plum
5488,Cantaloupe
5489,Pepper Red
5490,Onion White
5491,Orange
5492,Lemon
5493,Grape Blue
5494,Banana
5495,Cantaloupe
5496,Pepper Red
5497,Corn
5498,Cherry
5499,Limes
5500,Corn
5501,Pear
5502,Banana
5503,Orange
5504,Cantaloupe
5505,Raspberry
5506,Pear
5507,Banana
5508,Orange
5509,Onion White
5510,Grape Blue
5511,Pepper Green
5512,Strawberry
5513,Pear
5514,Pineapple
5515,Grape Blue
5516,Grape Blue
5517,Tomato
5518,Strawberry
5519,Onion White
5520,Pear
5521,Pineapple
5522,Lemon
5523,Lemon
5524,Pear
5525,Onion White
5526,Tomato
5527,Strawberry
5528,Grape Blue
5529,Tomato
5530,Mango
5531,Apricot
5532,Onion White
5533,Apricot
5534,Lemon
5535,Onion White
5536,Mango
5537,Grape Blue
5538,Tomato
5539,Strawberry
5540,Kiwi
5541,Tomato
5542,Tomato
5543,Lemon
5544,Pepper Green
5545,Papaya
5546,Pear
5547,Limes
5548,Onion White
5549,Apricot
5550,Lemon
5551,Pepper Green
5552,Papaya
5553,Tomato
5554,Kiwi
5555,Cantaloupe
5556,Pepper Red
5557,Clementine
5558,Pineapple
5559,Clementine
5560,Passion Fruit
5561,Clementine
5562,Passion Fruit
5563,Pineapple
5564,Clementine
5565,Cantaloupe
5566,Pepper Red
5567,Blueberry
5568,Potato Red
5569,Apple Braeburn
5570,Apple Granny Smith
5571,Clementine
5572,Passion Fruit
5573,Peach
5574,Passion Fruit
5575,Plum
5576,Passion Fruit
5577,Cherry
5578,Passion Fruit
5579,Apple Braeburn
5580,Pepper Red
5581,Grape Blue
5582,Potato Red
5583,Cherry
5584,Potato Red
5585,Pepper Red
5586,Grape Blue
5587,Cantaloupe
5588,Clementine
5589,Peach
5590,Peach
5591,Clementine
5592,Cucumber Ripe
5593,Pepper Red
5594,Cantaloupe
5595,Cherry
5596,Grape Blue
5597,Blueberry
5598,Peach
5599,Onion White
5600,Cherry
5601,Grape Blue
5602,Papaya
5603,Raspberry
5604,Tomato
5605,Avocado
5606,Mango
5607,Mango
5608,Cherry
5609,Avocado
5610,Corn
5611,Papaya
5612,Onion White
5613,Avocado
5614,Tomato
5615,Limes
5616,Tomato
5617,Avocado
5618,Corn
5619,Avocado
5620,Cherry
5621,Papaya
5622,Corn
5623,Raspberry
5624,Papaya
5625,Grape Blue
5626,Mango
5627,Watermelon
5628,Watermelon
5629,Grape Blue
5630,Mango
5631,Papaya
5632,Potato Red
5633,Apricot
5634,Grape Blue
5635,Apricot
5636,Mango
5637,Grape Blue
5638,Blueberry
5639,Apricot
5640,Passion Fruit
